form,filed,period,cik,accession,primary_doc,folder_url
8-K,2006-02-01,2006-01-31,103973,0001157523-06-000907,a5069190.htm,https://www.sec.gov/Archives/edgar/data/103973/000115752306000907/
10-K,2006-02-28,2005-12-31,103973,0000950144-06-001597,g99746e10vk.htm,https://www.sec.gov/Archives/edgar/data/103973/000095014406001597/
8-K,2006-04-26,2006-04-25,103973,0000103973-06-000107,pr1stqtr2006-8k.htm,https://www.sec.gov/Archives/edgar/data/103973/000010397306000107/
10-Q,2006-04-28,2006-03-31,103973,0000103973-06-000112,q110q2006.htm,https://www.sec.gov/Archives/edgar/data/103973/000010397306000112/
10-Q,2006-08-01,2006-06-30,103973,0000103973-06-000197,q210q2006.htm,https://www.sec.gov/Archives/edgar/data/103973/000010397306000197/
8-K,2006-08-01,2006-07-31,103973,0000103973-06-000188,pr2ndqtr2006-8k.htm,https://www.sec.gov/Archives/edgar/data/103973/000010397306000188/
10-Q,2006-10-31,2006-09-30,103973,0000103973-06-000268,q310q2006.htm,https://www.sec.gov/Archives/edgar/data/103973/000010397306000268/
8-K,2006-10-31,2006-10-30,103973,0000103973-06-000252,pr3rdqtr2006-8k.htm,https://www.sec.gov/Archives/edgar/data/103973/000010397306000252/
8-K,2007-02-01,2007-01-31,103973,0001157523-07-000853,a5323283.htm,https://www.sec.gov/Archives/edgar/data/103973/000115752307000853/
10-K,2007-02-26,2006-12-31,103973,0000950144-07-001601,g05561e10vk.htm,https://www.sec.gov/Archives/edgar/data/103973/000095014407001601/
10-Q,2007-05-01,2007-03-31,103973,0000950144-07-004051,g07053e10vq.htm,https://www.sec.gov/Archives/edgar/data/103973/000095014407004051/
8-K,2007-05-02,2007-04-30,103973,0001157523-07-004413,a5392823.txt,https://www.sec.gov/Archives/edgar/data/103973/000115752307004413/
8-K,2007-07-19,2007-07-18,103973,0001157523-07-006991,a5451121.txt,https://www.sec.gov/Archives/edgar/data/103973/000115752307006991/
10-Q,2007-07-31,2007-06-30,103973,0000950144-07-007023,g08645e10vq.htm,https://www.sec.gov/Archives/edgar/data/103973/000095014407007023/
8-K,2007-10-30,2007-10-29,103973,0001157523-07-010363,a5531232.txt,https://www.sec.gov/Archives/edgar/data/103973/000115752307010363/
10-Q,2007-10-31,2007-09-30,103973,0000950144-07-009717,g10187e10vq.htm,https://www.sec.gov/Archives/edgar/data/103973/000095014407009717/
8-K,2008-02-14,2008-02-13,1396009,0001157523-08-001380,a5610709.htm,https://www.sec.gov/Archives/edgar/data/1396009/000115752308001380/
10-K,2008-02-29,2007-12-31,1396009,0000950144-08-001522,g11999e10vk.htm,https://www.sec.gov/Archives/edgar/data/1396009/000095014408001522/
8-K,2008-05-06,2008-05-05,1396009,0001157523-08-003765,a5676435.htm,https://www.sec.gov/Archives/edgar/data/1396009/000115752308003765/
10-Q,2008-05-07,2008-03-31,1396009,0000950144-08-003735,g13251e10vq.htm,https://www.sec.gov/Archives/edgar/data/1396009/000095014408003735/
10-Q,2008-08-06,2008-06-30,1396009,0000950144-08-006090,g14581e10vq.htm,https://www.sec.gov/Archives/edgar/data/1396009/000095014408006090/
8-K,2008-08-06,2008-08-05,1396009,0001157523-08-006426,a5749394.htm,https://www.sec.gov/Archives/edgar/data/1396009/000115752308006426/
10-Q,2008-11-06,2008-09-30,1396009,0000950144-08-008229,g16474e10vq.htm,https://www.sec.gov/Archives/edgar/data/1396009/000095014408008229/
8-K,2008-11-06,2008-11-05,1396009,0001157523-08-008938,a5822950.htm,https://www.sec.gov/Archives/edgar/data/1396009/000115752308008938/
8-K,2009-02-10,2009-02-09,1396009,0001157523-09-001029,a5891687.htm,https://www.sec.gov/Archives/edgar/data/1396009/000115752309001029/
10-K,2009-03-02,2008-12-31,1396009,0000950144-09-001772,g17356e10vk.htm,https://www.sec.gov/Archives/edgar/data/1396009/000095014409001772/
10-Q,2009-05-05,2009-03-31,1396009,0000950144-09-003913,g18930e10vq.htm,https://www.sec.gov/Archives/edgar/data/1396009/000095014409003913/
8-K,2009-05-05,2009-05-04,1396009,0001157523-09-003374,a5955976.htm,https://www.sec.gov/Archives/edgar/data/1396009/000115752309003374/
8-K,2009-08-04,2009-08-03,1396009,0001144204-09-040133,v156222_8k.htm,https://www.sec.gov/Archives/edgar/data/1396009/000114420409040133/
10-Q,2009-08-05,2009-06-30,1396009,0000950123-09-030370,g19912e10vq.htm,https://www.sec.gov/Archives/edgar/data/1396009/000095012309030370/
8-K,2009-11-03,2009-11-02,1396009,0001144204-09-056094,v164532_8k.htm,https://www.sec.gov/Archives/edgar/data/1396009/000114420409056094/
10-Q,2009-11-06,2009-09-30,1396009,0000950123-09-058668,g21112e10vq.htm,https://www.sec.gov/Archives/edgar/data/1396009/000095012309058668/
8-K,2010-02-09,2010-02-08,1396009,0001144204-10-006049,v173524_8k.htm,https://www.sec.gov/Archives/edgar/data/1396009/000114420410006049/
10-K,2010-02-26,2009-12-31,1396009,0000950123-10-018400,g21744e10vk.htm,https://www.sec.gov/Archives/edgar/data/1396009/000095012310018400/
10-Q,2010-05-04,2010-03-31,1396009,0000950123-10-043169,g22665e10vq.htm,https://www.sec.gov/Archives/edgar/data/1396009/000095012310043169/
8-K,2010-05-04,2010-05-03,1396009,0001144204-10-024089,v183180_8k.htm,https://www.sec.gov/Archives/edgar/data/1396009/000114420410024089/
8-K,2010-08-03,2010-08-02,1396009,0001144204-10-040739,v192164_8k.htm,https://www.sec.gov/Archives/edgar/data/1396009/000114420410040739/
10-Q,2010-08-04,2010-06-30,1396009,0000950123-10-072467,g22118e10vq.htm,https://www.sec.gov/Archives/edgar/data/1396009/000095012310072467/
8-K,2010-11-02,2010-11-01,1396009,0001144204-10-056755,v200568_8k.htm,https://www.sec.gov/Archives/edgar/data/1396009/000114420410056755/
10-Q,2010-11-03,2010-09-30,1396009,0000950123-10-100046,g24621e10vq.htm,https://www.sec.gov/Archives/edgar/data/1396009/000095012310100046/
8-K,2011-02-03,2011-02-02,1396009,0001144204-11-005577,v209828_8k.htm,https://www.sec.gov/Archives/edgar/data/1396009/000114420411005577/
10-K,2011-02-28,2010-12-31,1396009,0000950123-11-019699,g24488e10vk.htm,https://www.sec.gov/Archives/edgar/data/1396009/000095012311019699/
8-K,2011-05-05,2011-05-04,1396009,0001144204-11-026225,v220987_8-k.htm,https://www.sec.gov/Archives/edgar/data/1396009/000114420411026225/
10-Q,2011-05-06,2011-03-31,1396009,0000950123-11-046260,g26507e10vq.htm,https://www.sec.gov/Archives/edgar/data/1396009/000095012311046260/
8-K,2011-08-03,2011-08-02,1396009,0001144204-11-043490,v230647_8k.htm,https://www.sec.gov/Archives/edgar/data/1396009/000114420411043490/
10-Q,2011-08-04,2011-06-30,1396009,0000950123-11-072749,g27589e10vq.htm,https://www.sec.gov/Archives/edgar/data/1396009/000095012311072749/
8-K,2011-11-03,2011-11-02,1396009,0001144204-11-060927,v238940_8k.htm,https://www.sec.gov/Archives/edgar/data/1396009/000114420411060927/
10-Q,2011-11-04,2011-09-30,1396009,0000950123-11-095159,g28009e10vq.htm,https://www.sec.gov/Archives/edgar/data/1396009/000095012311095159/
8-K,2012-02-16,2012-02-16,1396009,0001144204-12-009520,v302977_8k.htm,https://www.sec.gov/Archives/edgar/data/1396009/000114420412009520/
10-K,2012-02-29,2011-12-31,1396009,0001193125-12-089430,d257544d10k.htm,https://www.sec.gov/Archives/edgar/data/1396009/000119312512089430/
8-K,2012-04-26,2012-04-26,1396009,0001144204-12-023890,v310693_8k.htm,https://www.sec.gov/Archives/edgar/data/1396009/000114420412023890/
10-Q,2012-05-02,2012-03-31,1396009,0001193125-12-203722,d319114d10q.htm,https://www.sec.gov/Archives/edgar/data/1396009/000119312512203722/
8-K,2012-07-27,2012-07-26,1396009,0001144204-12-041235,v319573_8k.htm,https://www.sec.gov/Archives/edgar/data/1396009/000114420412041235/
10-Q,2012-08-08,2012-06-30,1396009,0001193125-12-343684,d365518d10q.htm,https://www.sec.gov/Archives/edgar/data/1396009/000119312512343684/
10-Q,2012-11-08,2012-09-30,1396009,0001193125-12-460335,d402642d10q.htm,https://www.sec.gov/Archives/edgar/data/1396009/000119312512460335/
8-K,2012-11-08,2012-11-08,1396009,0001144204-12-060375,v327834_8k.htm,https://www.sec.gov/Archives/edgar/data/1396009/000114420412060375/
8-K,2013-02-14,2013-02-14,1396009,0001144204-13-008762,v335138_8k.htm,https://www.sec.gov/Archives/edgar/data/1396009/000114420413008762/
10-K,2013-02-28,2012-12-31,1396009,0001193125-13-084128,d451546d10k.htm,https://www.sec.gov/Archives/edgar/data/1396009/000119312513084128/
8-K,2013-05-02,2013-05-02,1396009,0001144204-13-025846,v343546_8k.htm,https://www.sec.gov/Archives/edgar/data/1396009/000114420413025846/
10-Q,2013-05-07,2013-03-31,1396009,0001193125-13-203394,d509897d10q.htm,https://www.sec.gov/Archives/edgar/data/1396009/000119312513203394/
8-K,2013-08-01,2013-08-01,1396009,0001144204-13-042361,v351546_8k.htm,https://www.sec.gov/Archives/edgar/data/1396009/000114420413042361/
10-Q,2013-08-06,2013-06-30,1396009,0001396009-13-000006,vmc-20130630x10q.htm,https://www.sec.gov/Archives/edgar/data/1396009/000139600913000006/
8-K,2013-11-04,2013-11-04,1396009,0001144204-13-058420,v359091_8k.htm,https://www.sec.gov/Archives/edgar/data/1396009/000114420413058420/
10-Q,2013-11-05,2013-09-30,1396009,0001396009-13-000009,vmc-20130930x10q.htm,https://www.sec.gov/Archives/edgar/data/1396009/000139600913000009/
8-K,2014-02-06,2014-02-06,1396009,0001144204-14-006484,v367519_8k.htm,https://www.sec.gov/Archives/edgar/data/1396009/000114420414006484/
10-K,2014-02-26,2013-12-31,1396009,0001396009-14-000006,vmc-20131231x10k.htm,https://www.sec.gov/Archives/edgar/data/1396009/000139600914000006/
8-K,2014-05-06,2014-05-06,1396009,0001144204-14-027867,v377483_8k.htm,https://www.sec.gov/Archives/edgar/data/1396009/000114420414027867/
10-Q,2014-05-12,2014-03-31,1396009,0001396009-14-000012,vmc-20140331x10q.htm,https://www.sec.gov/Archives/edgar/data/1396009/000139600914000012/
8-K,2014-08-05,2014-08-05,1396009,0001144204-14-046955,v385744_8k.htm,https://www.sec.gov/Archives/edgar/data/1396009/000114420414046955/
10-Q,2014-08-06,2014-06-30,1396009,0001396009-14-000031,vmc-20140630x10q.htm,https://www.sec.gov/Archives/edgar/data/1396009/000139600914000031/
8-K,2014-11-04,2014-11-04,1396009,0001144204-14-064912,v393100_8k.htm,https://www.sec.gov/Archives/edgar/data/1396009/000114420414064912/
10-Q,2014-11-05,2014-09-30,1396009,0001396009-14-000037,vmc-20140930x10q.htm,https://www.sec.gov/Archives/edgar/data/1396009/000139600914000037/
8-K,2015-02-05,2015-02-05,1396009,0001144204-15-006128,v400505_8k.htm,https://www.sec.gov/Archives/edgar/data/1396009/000114420415006128/
10-K,2015-02-27,2014-12-31,1396009,0001396009-15-000005,vmc-20141231x10k.htm,https://www.sec.gov/Archives/edgar/data/1396009/000139600915000005/
10-Q,2015-05-06,2015-03-31,1396009,0001396009-15-000014,vmc-20150331x10q.htm,https://www.sec.gov/Archives/edgar/data/1396009/000139600915000014/
8-K,2015-08-04,2015-08-03,1396009,0001144204-15-046164,v417093_8k.htm,https://www.sec.gov/Archives/edgar/data/1396009/000114420415046164/
10-Q,2015-08-05,2015-06-30,1396009,0001396009-15-000030,vmc-20150630x10q.htm,https://www.sec.gov/Archives/edgar/data/1396009/000139600915000030/
8-K,2015-11-03,2015-11-03,1396009,0001144204-15-062361,v423472_8k.htm,https://www.sec.gov/Archives/edgar/data/1396009/000114420415062361/
10-Q,2015-11-04,2015-09-30,1396009,0001396009-15-000036,vmc-20150930x10q.htm,https://www.sec.gov/Archives/edgar/data/1396009/000139600915000036/
8-K,2016-02-04,2016-02-04,1396009,0001144204-16-078932,v430493_8k.htm,https://www.sec.gov/Archives/edgar/data/1396009/000114420416078932/
10-K,2016-02-25,2015-12-31,1396009,0001396009-16-000044,vmc-20151231x10k.htm,https://www.sec.gov/Archives/edgar/data/1396009/000139600916000044/
8-K,2016-05-03,2016-05-03,1396009,0001144204-16-098571,v438692_8k.htm,https://www.sec.gov/Archives/edgar/data/1396009/000114420416098571/
10-Q,2016-05-04,2016-03-31,1396009,0001396009-16-000053,vmc-20160331x10q.htm,https://www.sec.gov/Archives/edgar/data/1396009/000139600916000053/
8-K,2016-08-01,2016-08-01,1396009,0001144204-16-115638,v445528_8k.htm,https://www.sec.gov/Archives/edgar/data/1396009/000114420416115638/
10-Q,2016-08-03,2016-06-30,1396009,0001396009-16-000071,vmc-20160630x10q.htm,https://www.sec.gov/Archives/edgar/data/1396009/000139600916000071/
8-K,2016-11-02,2016-11-02,1396009,0001144204-16-131110,v451916_8-k.htm,https://www.sec.gov/Archives/edgar/data/1396009/000114420416131110/
10-Q,2016-11-02,2016-09-30,1396009,0001396009-16-000076,vmc-20160930x10q.htm,https://www.sec.gov/Archives/edgar/data/1396009/000139600916000076/
8-K,2017-02-07,2017-02-07,1396009,0001144204-17-006524,v458568_8k.htm,https://www.sec.gov/Archives/edgar/data/1396009/000114420417006524/
10-K,2017-02-24,2016-12-31,1396009,0001396009-17-000005,vmc-20161231x10k.htm,https://www.sec.gov/Archives/edgar/data/1396009/000139600917000005/
10-Q,2017-05-10,2017-03-31,1396009,0001396009-17-000011,vmc-20170331x10q.htm,https://www.sec.gov/Archives/edgar/data/1396009/000139600917000011/
8-K,2017-08-02,2017-08-02,1396009,0001144204-17-040004,v472184_8k.htm,https://www.sec.gov/Archives/edgar/data/1396009/000114420417040004/
10-Q,2017-08-04,2017-06-30,1396009,0001396009-17-000033,vmc-20170630x10q.htm,https://www.sec.gov/Archives/edgar/data/1396009/000139600917000033/
8-K,2017-11-02,2017-11-01,1396009,0001144204-17-055616,tv478256_8k.htm,https://www.sec.gov/Archives/edgar/data/1396009/000114420417055616/
10-Q,2017-11-03,2017-09-30,1396009,0001396009-17-000042,vmc-20170930x10q.htm,https://www.sec.gov/Archives/edgar/data/1396009/000139600917000042/
8-K,2018-02-16,2018-02-16,1396009,0001193125-18-048755,d542094d8k.htm,https://www.sec.gov/Archives/edgar/data/1396009/000119312518048755/
10-K,2018-02-27,2017-12-31,1396009,0001396009-18-000011,vmc-20171231x10k.htm,https://www.sec.gov/Archives/edgar/data/1396009/000139600918000011/
10-Q,2018-05-04,2018-03-31,1396009,0001396009-18-000020,vmc-20180331x10q.htm,https://www.sec.gov/Archives/edgar/data/1396009/000139600918000020/
8-K,2018-07-31,2018-07-31,1396009,0001144204-18-041102,tv499698_8k.htm,https://www.sec.gov/Archives/edgar/data/1396009/000114420418041102/
10-Q,2018-08-01,2018-06-30,1396009,0001396009-18-000036,vmc-20180630x10q.htm,https://www.sec.gov/Archives/edgar/data/1396009/000139600918000036/
8-K,2018-10-30,2018-10-30,1396009,0001144204-18-056194,tv505767_8k.htm,https://www.sec.gov/Archives/edgar/data/1396009/000114420418056194/
10-Q,2018-10-31,2018-09-30,1396009,0001396009-18-000045,vmc-20180930x10q.htm,https://www.sec.gov/Archives/edgar/data/1396009/000139600918000045/
8-K,2019-02-14,2019-02-14,1396009,0001144204-19-007543,tv513638_8k.htm,https://www.sec.gov/Archives/edgar/data/1396009/000114420419007543/
10-K,2019-02-26,2018-12-31,1396009,0001396009-19-000021,vmc-20181231x10k.htm,https://www.sec.gov/Archives/edgar/data/1396009/000139600919000021/
8-K,2019-05-02,2019-05-02,1396009,0001144204-19-023149,tv520418_8k.htm,https://www.sec.gov/Archives/edgar/data/1396009/000114420419023149/
10-Q,2019-05-03,2019-03-31,1396009,0001396009-19-000033,vmc-20190331x10q.htm,https://www.sec.gov/Archives/edgar/data/1396009/000139600919000033/
8-K,2019-07-25,2019-07-25,1396009,0001144204-19-035868,tv525852_8k.htm,https://www.sec.gov/Archives/edgar/data/1396009/000114420419035868/
10-Q,2019-07-29,2019-06-30,1396009,0001396009-19-000052,vmc-20190630x10q.htm,https://www.sec.gov/Archives/edgar/data/1396009/000139600919000052/
8-K,2019-11-06,2019-11-06,1396009,0001104659-19-060271,tm1922015d1_8k.htm,https://www.sec.gov/Archives/edgar/data/1396009/000110465919060271/
10-Q,2019-11-07,2019-09-30,1396009,0001396009-19-000065,vmc-20190930x10q.htm,https://www.sec.gov/Archives/edgar/data/1396009/000139600919000065/
8-K,2020-02-18,2020-02-18,1396009,0001104659-20-022261,tm209250-1_8k.htm,https://www.sec.gov/Archives/edgar/data/1396009/000110465920022261/
10-K,2020-02-26,2019-12-31,1396009,0001396009-20-000006,vmc-20191231x10k.htm,https://www.sec.gov/Archives/edgar/data/1396009/000139600920000006/
10-Q,2020-05-06,2020-03-31,1396009,0001396009-20-000015,vmc-20200331x10q.htm,https://www.sec.gov/Archives/edgar/data/1396009/000139600920000015/
8-K,2020-05-06,2020-05-06,1396009,0001104659-20-057193,tm2018756d1_8k.htm,https://www.sec.gov/Archives/edgar/data/1396009/000110465920057193/
8-K,2020-08-04,2020-08-04,1396009,0001104659-20-089950,tm2026469d1_8k.htm,https://www.sec.gov/Archives/edgar/data/1396009/000110465920089950/
10-Q,2020-08-05,2020-06-30,1396009,0001396009-20-000040,vmc-20200630x10q.htm,https://www.sec.gov/Archives/edgar/data/1396009/000139600920000040/
8-K,2020-11-05,2020-11-05,1396009,0001104659-20-121585,tm2035059d1_8k.htm,https://www.sec.gov/Archives/edgar/data/1396009/000110465920121585/
10-Q,2020-11-06,2020-09-30,1396009,0001396009-20-000053,vmc-20200930x10q.htm,https://www.sec.gov/Archives/edgar/data/1396009/000139600920000053/
8-K,2021-02-16,2021-02-16,1396009,0001104659-21-022897,tm216811d1_8k.htm,https://www.sec.gov/Archives/edgar/data/1396009/000110465921022897/
10-K,2021-02-25,2020-12-31,1396009,0001396009-21-000009,vmc-20201231x10k.htm,https://www.sec.gov/Archives/edgar/data/1396009/000139600921000009/
8-K,2021-05-04,2021-05-04,1396009,0001104659-21-060488,tm2115042d1_8k.htm,https://www.sec.gov/Archives/edgar/data/1396009/000110465921060488/
10-Q,2021-05-05,2021-03-31,1396009,0001396009-21-000019,vmc-20210331x10q.htm,https://www.sec.gov/Archives/edgar/data/1396009/000139600921000019/
8-K,2021-08-04,2021-08-04,1396009,0001104659-21-099792,tm2124034d1_8k.htm,https://www.sec.gov/Archives/edgar/data/1396009/000110465921099792/
10-Q,2021-08-05,2021-06-30,1396009,0001396009-21-000044,vmc-20210630x10q.htm,https://www.sec.gov/Archives/edgar/data/1396009/000139600921000044/
8-K,2021-11-04,2021-11-04,1396009,0001104659-21-134041,tm2131876d1_8k.htm,https://www.sec.gov/Archives/edgar/data/1396009/000110465921134041/
10-Q,2021-11-05,2021-09-30,1396009,0001396009-21-000050,vmc-20210930x10q.htm,https://www.sec.gov/Archives/edgar/data/1396009/000139600921000050/
8-K,2022-02-16,2022-02-16,1396009,0001104659-22-024089,tm226860-1_8k.htm,https://www.sec.gov/Archives/edgar/data/1396009/000110465922024089/
10-K,2022-02-25,2021-12-31,1396009,0001396009-22-000010,vmc-20211231x10k.htm,https://www.sec.gov/Archives/edgar/data/1396009/000139600922000010/
8-K,2022-05-04,2022-05-04,1396009,0001104659-22-055545,tm2214401d1_8k.htm,https://www.sec.gov/Archives/edgar/data/1396009/000110465922055545/
10-Q,2022-05-05,2022-03-31,1396009,0001396009-22-000017,vmc-20220331x10q.htm,https://www.sec.gov/Archives/edgar/data/1396009/000139600922000017/
8-K,2022-08-04,2022-08-04,1396009,0001104659-22-085870,tm2222550d1_8k.htm,https://www.sec.gov/Archives/edgar/data/1396009/000110465922085870/
10-Q,2022-08-05,2022-06-30,1396009,0001396009-22-000036,vmc-20220630x10q.htm,https://www.sec.gov/Archives/edgar/data/1396009/000139600922000036/
8-K,2022-11-02,2022-11-02,1396009,0001140361-22-039456,brhc10043574_8k.htm,https://www.sec.gov/Archives/edgar/data/1396009/000114036122039456/
10-Q,2022-11-03,2022-09-30,1396009,0001396009-22-000049,vmc-20220930x10q.htm,https://www.sec.gov/Archives/edgar/data/1396009/000139600922000049/
8-K,2023-02-16,2023-02-16,1396009,0001140361-23-007393,brhc10048376_8k.htm,https://www.sec.gov/Archives/edgar/data/1396009/000114036123007393/
10-K,2023-02-24,2022-12-31,1396009,0001396009-23-000007,vmc-20221231x10k.htm,https://www.sec.gov/Archives/edgar/data/1396009/000139600923000007/
8-K,2023-05-04,2023-05-04,1396009,0001140361-23-022853,brhc20052466_8k.htm,https://www.sec.gov/Archives/edgar/data/1396009/000114036123022853/
10-Q,2023-05-05,2023-03-31,1396009,0001396009-23-000013,vmc-20230331x10q.htm,https://www.sec.gov/Archives/edgar/data/1396009/000139600923000013/
8-K,2023-08-03,2023-08-03,1396009,0001140361-23-037768,brhc20056907_8k.htm,https://www.sec.gov/Archives/edgar/data/1396009/000114036123037768/
10-Q,2023-08-04,2023-06-30,1396009,0001396009-23-000035,vmc-20230630x10q.htm,https://www.sec.gov/Archives/edgar/data/1396009/000139600923000035/
8-K,2023-10-26,2023-10-26,1396009,0001140361-23-049589,ef20013192_8k.htm,https://www.sec.gov/Archives/edgar/data/1396009/000114036123049589/
10-Q,2023-10-27,2023-09-30,1396009,0001396009-23-000042,vmc-20230930x10q.htm,https://www.sec.gov/Archives/edgar/data/1396009/000139600923000042/
8-K,2024-02-16,2024-02-16,1396009,0001140361-24-008270,ef20021827_8k.htm,https://www.sec.gov/Archives/edgar/data/1396009/000114036124008270/
10-K,2024-02-22,2023-12-31,1396009,0001396009-24-000006,vmc-20231231x10k.htm,https://www.sec.gov/Archives/edgar/data/1396009/000139600924000006/
10-Q,2024-05-02,2024-03-31,1396009,0001396009-24-000009,vmc-20240331.htm,https://www.sec.gov/Archives/edgar/data/1396009/000139600924000009/
8-K,2024-05-02,2024-05-02,1396009,0001140361-24-023839,ef20028253_8k.htm,https://www.sec.gov/Archives/edgar/data/1396009/000114036124023839/
8-K,2024-08-06,2024-08-06,1396009,0001140361-24-035798,ef20033639_8k.htm,https://www.sec.gov/Archives/edgar/data/1396009/000114036124035798/
10-Q,2024-08-07,2024-06-30,1396009,0001396009-24-000017,vmc-20240630.htm,https://www.sec.gov/Archives/edgar/data/1396009/000139600924000017/
10-Q,2024-10-30,2024-09-30,1396009,0001396009-24-000023,vmc-20240930.htm,https://www.sec.gov/Archives/edgar/data/1396009/000139600924000023/
8-K,2024-10-30,2024-10-30,1396009,0001140361-24-044579,ef20037837_8k.htm,https://www.sec.gov/Archives/edgar/data/1396009/000114036124044579/
8-K,2025-02-18,2025-02-13,1396009,0001140361-25-004970,ef20043777_form8k.htm,https://www.sec.gov/Archives/edgar/data/1396009/000114036125004970/
10-K,2025-02-20,2024-12-31,1396009,0001396009-25-000005,vmc-20241231.htm,https://www.sec.gov/Archives/edgar/data/1396009/000139600925000005/
10-Q,2025-04-30,2025-03-31,1396009,0001396009-25-000008,vmc-20250331.htm,https://www.sec.gov/Archives/edgar/data/1396009/000139600925000008/
8-K,2025-04-30,2025-04-30,1396009,0001140361-25-016513,ef20048175_8k.htm,https://www.sec.gov/Archives/edgar/data/1396009/000114036125016513/
10-Q,2025-07-31,2025-06-30,1396009,0001396009-25-000021,vmc-20250630.htm,https://www.sec.gov/Archives/edgar/data/1396009/000139600925000021/
8-K,2025-07-31,2025-07-31,1396009,0001140361-25-028104,ef20052989_8k.htm,https://www.sec.gov/Archives/edgar/data/1396009/000114036125028104/
10-Q,2025-10-30,2025-09-30,1396009,0001396009-25-000031,vmc-20250930.htm,https://www.sec.gov/Archives/edgar/data/1396009/000139600925000031/
8-K,2025-10-30,2025-10-30,1396009,0001140361-25-039792,ef20057945_8k.htm,https://www.sec.gov/Archives/edgar/data/1396009/000114036125039792/
8-K,2026-02-17,2026-02-17,1396009,0001140361-26-005605,ef20065685_8k.htm,https://www.sec.gov/Archives/edgar/data/1396009/000114036126005605/
10-K,2026-02-19,2025-12-31,1396009,0001628280-26-009546,vmc-20251231.htm,https://www.sec.gov/Archives/edgar/data/1396009/000162828026009546/
10-Q,2026-04-29,2026-03-31,1396009,0001628280-26-028318,vmc-20260331.htm,https://www.sec.gov/Archives/edgar/data/1396009/000162828026028318/
8-K,2026-04-29,2026-04-29,1396009,0001140361-26-017638,ef20071724_8k.htm,https://www.sec.gov/Archives/edgar/data/1396009/000114036126017638/
10-Q,2026-07-29,2026-06-30,1396009,0001628280-26-050486,vmc-20260630.htm,https://www.sec.gov/Archives/edgar/data/1396009/000162828026050486/
8-K,2026-07-29,2026-07-29,1396009,0001140361-26-029958,ef20078928_8k.htm,https://www.sec.gov/Archives/edgar/data/1396009/000114036126029958/
