key,period,value,unit,source,note
seg_cons_da,Q1/15,16243,USD thousands,8-K 2017-01-31 Ex99.3 (acc 0001193125-17-025853) recast quarterly segment info,consolidated (check total)
seg_cons_da,Q2/15,16439,USD thousands,8-K 2017-01-31 Ex99.3 (acc 0001193125-17-025853) recast quarterly segment info,consolidated (check total)
seg_cons_da,Q3/15,16831,USD thousands,8-K 2017-01-31 Ex99.3 (acc 0001193125-17-025853) recast quarterly segment info,consolidated (check total)
seg_cons_da,Q4/15,16896,USD thousands,8-K 2017-01-31 Ex99.3 (acc 0001193125-17-025853) recast quarterly segment info,consolidated (check total)
seg_cons_da,Q1/16,16875,USD thousands,8-K 2017-01-31 Ex99.3 (acc 0001193125-17-025853) recast quarterly segment info,consolidated (check total)
seg_cons_da,Q2/16,18184,USD thousands,8-K 2017-01-31 Ex99.3 (acc 0001193125-17-025853) recast quarterly segment info,consolidated (check total)
seg_cons_da,Q3/16,17657,USD thousands,8-K 2017-01-31 Ex99.3 (acc 0001193125-17-025853) recast quarterly segment info,consolidated (check total)
seg_cons_da,Q4/16,21953,USD thousands,8-K 2017-01-31 Ex99.3 (acc 0001193125-17-025853) recast quarterly segment info,consolidated (check total)
seg_cons_da,FY2014,57009,USD thousands,10-K FY2016 filed 2017-03-01 Note 10 (acc 0001043277-17-000004),consolidated (check total); FY2014 recast only in FY2016 10-K (FY2015 10-K reported one segment)
seg_cons_da,FY2015,66409,USD thousands,10-K FY2016 filed 2017-03-01 Note 10 (acc 0001043277-17-000004),consolidated (check total)
seg_cons_da,FY2016,74669,USD thousands,10-K FY2016 filed 2017-03-01 Note 10 (acc 0001043277-17-000004),consolidated (check total)
seg_cons_headcount,Q1/15,12565,employees,8-K 2017-01-31 Ex99.3 (acc 0001193125-17-025853) recast quarterly segment info,consolidated (check total)
seg_cons_headcount,Q2/15,12850,employees,8-K 2017-01-31 Ex99.3 (acc 0001193125-17-025853) recast quarterly segment info,consolidated (check total)
seg_cons_headcount,Q3/15,13112,employees,8-K 2017-01-31 Ex99.3 (acc 0001193125-17-025853) recast quarterly segment info,consolidated (check total)
seg_cons_headcount,Q4/15,13158,employees,8-K 2017-01-31 Ex99.3 (acc 0001193125-17-025853) recast quarterly segment info,consolidated (check total)
seg_cons_headcount,Q1/16,13251,employees,8-K 2017-01-31 Ex99.3 (acc 0001193125-17-025853) recast quarterly segment info,consolidated (check total)
seg_cons_headcount,Q2/16,13522,employees,8-K 2017-01-31 Ex99.3 (acc 0001193125-17-025853) recast quarterly segment info,consolidated (check total)
seg_cons_headcount,Q3/16,13862,employees,8-K 2017-01-31 Ex99.3 (acc 0001193125-17-025853) recast quarterly segment info,"Ex99.3 includes APC headcount (added 9/30/16); Q3/17 10-Q recast shows GF 3,559 / total 13,706 excl. APC"
seg_cons_headcount,Q4/16,14074,employees,8-K 2017-01-31 Ex99.3 (acc 0001193125-17-025853) recast quarterly segment info,consolidated (check total)
seg_cons_headcount,FY2014,11617,employees,10-K FY2016 filed 2017-03-01 Note 10 (acc 0001043277-17-000004),consolidated (check total); FY2014 recast only in FY2016 10-K (FY2015 10-K reported one segment)
seg_cons_headcount,FY2015,12902,employees,10-K FY2016 filed 2017-03-01 Note 10 (acc 0001043277-17-000004),consolidated (check total)
seg_cons_headcount,FY2016,13670,employees,10-K FY2016 filed 2017-03-01 Note 10 (acc 0001043277-17-000004),consolidated (check total)
seg_cons_netrev,Q1/15,525110,USD thousands,8-K 2017-01-31 Ex99.3 (acc 0001193125-17-025853) recast quarterly segment info,consolidated (check total)
seg_cons_netrev,Q2/15,584018,USD thousands,8-K 2017-01-31 Ex99.3 (acc 0001193125-17-025853) recast quarterly segment info,consolidated (check total)
seg_cons_netrev,Q3/15,588575,USD thousands,8-K 2017-01-31 Ex99.3 (acc 0001193125-17-025853) recast quarterly segment info,consolidated (check total)
seg_cons_netrev,Q4/15,570777,USD thousands,8-K 2017-01-31 Ex99.3 (acc 0001193125-17-025853) recast quarterly segment info,consolidated (check total)
seg_cons_netrev,Q1/16,563335,USD thousands,8-K 2017-01-31 Ex99.3 (acc 0001193125-17-025853) recast quarterly segment info,consolidated (check total)
seg_cons_netrev,Q2/16,594215,USD thousands,8-K 2017-01-31 Ex99.3 (acc 0001193125-17-025853) recast quarterly segment info,consolidated (check total)
seg_cons_netrev,Q3/16,558462,USD thousands,8-K 2017-01-31 Ex99.3 (acc 0001193125-17-025853) recast quarterly segment info,consolidated (check total)
seg_cons_netrev,Q4/16,561516,USD thousands,8-K 2017-01-31 Ex99.3 (acc 0001193125-17-025853) recast quarterly segment info,consolidated (check total)
seg_cons_netrev,FY2014,2007652,USD thousands,10-K FY2016 filed 2017-03-01 Note 10 (acc 0001043277-17-000004),consolidated (check total); FY2014 recast only in FY2016 10-K (FY2015 10-K reported one segment)
seg_cons_netrev,FY2015,2268480,USD thousands,10-K FY2016 filed 2017-03-01 Note 10 (acc 0001043277-17-000004),consolidated (check total)
seg_cons_netrev,FY2016,2277528,USD thousands,10-K FY2016 filed 2017-03-01 Note 10 (acc 0001043277-17-000004),consolidated (check total)
seg_cons_opinc,Q1/15,181925,USD thousands,8-K 2017-01-31 Ex99.3 (acc 0001193125-17-025853) recast quarterly segment info,consolidated (check total)
seg_cons_opinc,Q2/15,229095,USD thousands,8-K 2017-01-31 Ex99.3 (acc 0001193125-17-025853) recast quarterly segment info,consolidated (check total)
seg_cons_opinc,Q3/15,232711,USD thousands,8-K 2017-01-31 Ex99.3 (acc 0001193125-17-025853) recast quarterly segment info,consolidated (check total)
seg_cons_opinc,Q4/15,214579,USD thousands,8-K 2017-01-31 Ex99.3 (acc 0001193125-17-025853) recast quarterly segment info,consolidated (check total)
seg_cons_opinc,Q1/16,198952,USD thousands,8-K 2017-01-31 Ex99.3 (acc 0001193125-17-025853) recast quarterly segment info,consolidated (check total)
seg_cons_opinc,Q2/16,233747,USD thousands,8-K 2017-01-31 Ex99.3 (acc 0001193125-17-025853) recast quarterly segment info,consolidated (check total)
seg_cons_opinc,Q3/16,211267,USD thousands,8-K 2017-01-31 Ex99.3 (acc 0001193125-17-025853) recast quarterly segment info,consolidated (check total)
seg_cons_opinc,Q4/16,193565,USD thousands,8-K 2017-01-31 Ex99.3 (acc 0001193125-17-025853) recast quarterly segment info,consolidated (check total)
seg_cons_opinc,FY2014,748418,USD thousands,10-K FY2016 filed 2017-03-01 Note 10 (acc 0001043277-17-000004),consolidated (check total); FY2014 recast only in FY2016 10-K (FY2015 10-K reported one segment)
seg_cons_opinc,FY2015,858310,USD thousands,10-K FY2016 filed 2017-03-01 Note 10 (acc 0001043277-17-000004),consolidated (check total)
seg_cons_opinc,FY2016,837531,USD thousands,10-K FY2016 filed 2017-03-01 Note 10 (acc 0001043277-17-000004),consolidated (check total)
seg_cons_rev,Q1/15,3300890,USD thousands,8-K 2017-01-31 Ex99.3 (acc 0001193125-17-025853) recast quarterly segment info,consolidated (check total)
seg_cons_rev,Q2/15,3545088,USD thousands,8-K 2017-01-31 Ex99.3 (acc 0001193125-17-025853) recast quarterly segment info,consolidated (check total)
seg_cons_rev,Q3/15,3419253,USD thousands,8-K 2017-01-31 Ex99.3 (acc 0001193125-17-025853) recast quarterly segment info,consolidated (check total)
seg_cons_rev,Q4/15,3210853,USD thousands,8-K 2017-01-31 Ex99.3 (acc 0001193125-17-025853) recast quarterly segment info,consolidated (check total)
seg_cons_rev,Q1/16,3073943,USD thousands,8-K 2017-01-31 Ex99.3 (acc 0001193125-17-025853) recast quarterly segment info,consolidated (check total)
seg_cons_rev,Q2/16,3299741,USD thousands,8-K 2017-01-31 Ex99.3 (acc 0001193125-17-025853) recast quarterly segment info,consolidated (check total)
seg_cons_rev,Q3/16,3355754,USD thousands,8-K 2017-01-31 Ex99.3 (acc 0001193125-17-025853) recast quarterly segment info,consolidated (check total)
seg_cons_rev,Q4/16,3414975,USD thousands,8-K 2017-01-31 Ex99.3 (acc 0001193125-17-025853) recast quarterly segment info,consolidated (check total)
seg_cons_rev,FY2014,13470067,USD thousands,10-K FY2016 filed 2017-03-01 Note 10 (acc 0001043277-17-000004),consolidated (check total); FY2014 recast only in FY2016 10-K (FY2015 10-K reported one segment)
seg_cons_rev,FY2015,13476084,USD thousands,10-K FY2016 filed 2017-03-01 Note 10 (acc 0001043277-17-000004),consolidated (check total)
seg_cons_rev,FY2016,13144413,USD thousands,10-K FY2016 filed 2017-03-01 Note 10 (acc 0001043277-17-000004),consolidated (check total)
seg_cons_rev_gross,Q1/15,3300890,USD thousands,8-K 2017-01-31 Ex99.3 (acc 0001193125-17-025853) recast quarterly segment info,consolidated (check total)
seg_cons_rev_gross,Q2/15,3545088,USD thousands,8-K 2017-01-31 Ex99.3 (acc 0001193125-17-025853) recast quarterly segment info,consolidated (check total)
seg_cons_rev_gross,Q3/15,3419253,USD thousands,8-K 2017-01-31 Ex99.3 (acc 0001193125-17-025853) recast quarterly segment info,consolidated (check total)
seg_cons_rev_gross,Q4/15,3210853,USD thousands,8-K 2017-01-31 Ex99.3 (acc 0001193125-17-025853) recast quarterly segment info,consolidated (check total)
seg_cons_rev_gross,Q1/16,3073943,USD thousands,8-K 2017-01-31 Ex99.3 (acc 0001193125-17-025853) recast quarterly segment info,consolidated (check total)
seg_cons_rev_gross,Q2/16,3299741,USD thousands,8-K 2017-01-31 Ex99.3 (acc 0001193125-17-025853) recast quarterly segment info,consolidated (check total)
seg_cons_rev_gross,Q3/16,3355754,USD thousands,8-K 2017-01-31 Ex99.3 (acc 0001193125-17-025853) recast quarterly segment info,consolidated (check total)
seg_cons_rev_gross,Q4/16,3414975,USD thousands,8-K 2017-01-31 Ex99.3 (acc 0001193125-17-025853) recast quarterly segment info,consolidated (check total)
seg_cons_rev_gross,FY2014,13470067,USD thousands,10-K FY2016 filed 2017-03-01 Note 10 (acc 0001043277-17-000004),consolidated (check total); FY2014 recast only in FY2016 10-K (FY2015 10-K reported one segment)
seg_cons_rev_gross,FY2015,13476084,USD thousands,10-K FY2016 filed 2017-03-01 Note 10 (acc 0001043277-17-000004),consolidated (check total)
seg_cons_rev_gross,FY2016,13144413,USD thousands,10-K FY2016 filed 2017-03-01 Note 10 (acc 0001043277-17-000004),consolidated (check total)
seg_elim_rev_gross,Q1/15,-91287,USD thousands,8-K 2017-01-31 Ex99.3 (acc 0001193125-17-025853) recast quarterly segment info,intersegment eliminations
seg_elim_rev_gross,Q2/15,-98703,USD thousands,8-K 2017-01-31 Ex99.3 (acc 0001193125-17-025853) recast quarterly segment info,intersegment eliminations
seg_elim_rev_gross,Q3/15,-98540,USD thousands,8-K 2017-01-31 Ex99.3 (acc 0001193125-17-025853) recast quarterly segment info,intersegment eliminations
seg_elim_rev_gross,Q4/15,-93269,USD thousands,8-K 2017-01-31 Ex99.3 (acc 0001193125-17-025853) recast quarterly segment info,intersegment eliminations
seg_elim_rev_gross,Q1/16,-90558,USD thousands,8-K 2017-01-31 Ex99.3 (acc 0001193125-17-025853) recast quarterly segment info,intersegment eliminations
seg_elim_rev_gross,Q2/16,-107584,USD thousands,8-K 2017-01-31 Ex99.3 (acc 0001193125-17-025853) recast quarterly segment info,intersegment eliminations
seg_elim_rev_gross,Q3/16,-120825,USD thousands,8-K 2017-01-31 Ex99.3 (acc 0001193125-17-025853) recast quarterly segment info,intersegment eliminations
seg_elim_rev_gross,Q4/16,-131396,USD thousands,8-K 2017-01-31 Ex99.3 (acc 0001193125-17-025853) recast quarterly segment info,intersegment eliminations
seg_elim_rev_gross,FY2014,-341182,USD thousands,10-K FY2016 filed 2017-03-01 Note 10 (acc 0001043277-17-000004),intersegment eliminations; FY2014 recast only in FY2016 10-K (FY2015 10-K reported one segment)
seg_elim_rev_gross,FY2015,-381799,USD thousands,10-K FY2016 filed 2017-03-01 Note 10 (acc 0001043277-17-000004),intersegment eliminations
seg_elim_rev_gross,FY2016,-450363,USD thousands,10-K FY2016 filed 2017-03-01 Note 10 (acc 0001043277-17-000004),intersegment eliminations
seg_gf_da,Q1/15,5178,USD thousands,8-K 2017-01-31 Ex99.3 (acc 0001193125-17-025853) recast quarterly segment info,
seg_gf_da,Q2/15,5176,USD thousands,8-K 2017-01-31 Ex99.3 (acc 0001193125-17-025853) recast quarterly segment info,
seg_gf_da,Q3/15,5181,USD thousands,8-K 2017-01-31 Ex99.3 (acc 0001193125-17-025853) recast quarterly segment info,
seg_gf_da,Q4/15,5255,USD thousands,8-K 2017-01-31 Ex99.3 (acc 0001193125-17-025853) recast quarterly segment info,
seg_gf_da,Q1/16,5079,USD thousands,8-K 2017-01-31 Ex99.3 (acc 0001193125-17-025853) recast quarterly segment info,
seg_gf_da,Q2/16,5079,USD thousands,8-K 2017-01-31 Ex99.3 (acc 0001193125-17-025853) recast quarterly segment info,
seg_gf_da,Q3/16,5073,USD thousands,8-K 2017-01-31 Ex99.3 (acc 0001193125-17-025853) recast quarterly segment info,
seg_gf_da,Q4/16,7868,USD thousands,8-K 2017-01-31 Ex99.3 (acc 0001193125-17-025853) recast quarterly segment info,
seg_gf_da,FY2014,21657,USD thousands,10-K FY2016 filed 2017-03-01 Note 10 (acc 0001043277-17-000004),FY2014 recast only in FY2016 10-K (FY2015 10-K reported one segment)
seg_gf_da,FY2015,20790,USD thousands,10-K FY2016 filed 2017-03-01 Note 10 (acc 0001043277-17-000004),
seg_gf_da,FY2016,23099,USD thousands,10-K FY2016 filed 2017-03-01 Note 10 (acc 0001043277-17-000004),
seg_gf_headcount,Q1/15,3294,employees,8-K 2017-01-31 Ex99.3 (acc 0001193125-17-025853) recast quarterly segment info,
seg_gf_headcount,Q2/15,3350,employees,8-K 2017-01-31 Ex99.3 (acc 0001193125-17-025853) recast quarterly segment info,
seg_gf_headcount,Q3/15,3422,employees,8-K 2017-01-31 Ex99.3 (acc 0001193125-17-025853) recast quarterly segment info,
seg_gf_headcount,Q4/15,3455,employees,8-K 2017-01-31 Ex99.3 (acc 0001193125-17-025853) recast quarterly segment info,
seg_gf_headcount,Q1/16,3488,employees,8-K 2017-01-31 Ex99.3 (acc 0001193125-17-025853) recast quarterly segment info,
seg_gf_headcount,Q2/16,3514,employees,8-K 2017-01-31 Ex99.3 (acc 0001193125-17-025853) recast quarterly segment info,
seg_gf_headcount,Q3/16,3715,employees,8-K 2017-01-31 Ex99.3 (acc 0001193125-17-025853) recast quarterly segment info,"Ex99.3 includes APC headcount (added 9/30/16); Q3/17 10-Q recast shows GF 3,559 / total 13,706 excl. APC"
seg_gf_headcount,Q4/16,3934,employees,8-K 2017-01-31 Ex99.3 (acc 0001193125-17-025853) recast quarterly segment info,
seg_gf_headcount,FY2014,3202,employees,10-K FY2016 filed 2017-03-01 Note 10 (acc 0001043277-17-000004),FY2014 recast only in FY2016 10-K (FY2015 10-K reported one segment)
seg_gf_headcount,FY2015,3381,employees,10-K FY2016 filed 2017-03-01 Note 10 (acc 0001043277-17-000004),
seg_gf_headcount,FY2016,3673,employees,10-K FY2016 filed 2017-03-01 Note 10 (acc 0001043277-17-000004),
seg_gf_netrev,Q1/15,86333,USD thousands,8-K 2017-01-31 Ex99.3 (acc 0001193125-17-025853) recast quarterly segment info,
seg_gf_netrev,Q2/15,94846,USD thousands,8-K 2017-01-31 Ex99.3 (acc 0001193125-17-025853) recast quarterly segment info,
seg_gf_netrev,Q3/15,94797,USD thousands,8-K 2017-01-31 Ex99.3 (acc 0001193125-17-025853) recast quarterly segment info,
seg_gf_netrev,Q4/15,89491,USD thousands,8-K 2017-01-31 Ex99.3 (acc 0001193125-17-025853) recast quarterly segment info,
seg_gf_netrev,Q1/16,92866,USD thousands,8-K 2017-01-31 Ex99.3 (acc 0001193125-17-025853) recast quarterly segment info,
seg_gf_netrev,Q2/16,97224,USD thousands,8-K 2017-01-31 Ex99.3 (acc 0001193125-17-025853) recast quarterly segment info,
seg_gf_netrev,Q3/16,93368,USD thousands,8-K 2017-01-31 Ex99.3 (acc 0001193125-17-025853) recast quarterly segment info,
seg_gf_netrev,Q4/16,114079,USD thousands,8-K 2017-01-31 Ex99.3 (acc 0001193125-17-025853) recast quarterly segment info,
seg_gf_netrev,FY2014,350193,USD thousands,10-K FY2016 filed 2017-03-01 Note 10 (acc 0001043277-17-000004),FY2014 recast only in FY2016 10-K (FY2015 10-K reported one segment)
seg_gf_netrev,FY2015,365467,USD thousands,10-K FY2016 filed 2017-03-01 Note 10 (acc 0001043277-17-000004),
seg_gf_netrev,FY2016,397537,USD thousands,10-K FY2016 filed 2017-03-01 Note 10 (acc 0001043277-17-000004),
seg_gf_opinc,Q1/15,13973,USD thousands,8-K 2017-01-31 Ex99.3 (acc 0001193125-17-025853) recast quarterly segment info,
seg_gf_opinc,Q2/15,20904,USD thousands,8-K 2017-01-31 Ex99.3 (acc 0001193125-17-025853) recast quarterly segment info,
seg_gf_opinc,Q3/15,22477,USD thousands,8-K 2017-01-31 Ex99.3 (acc 0001193125-17-025853) recast quarterly segment info,
seg_gf_opinc,Q4/15,18727,USD thousands,8-K 2017-01-31 Ex99.3 (acc 0001193125-17-025853) recast quarterly segment info,
seg_gf_opinc,Q1/16,16857,USD thousands,8-K 2017-01-31 Ex99.3 (acc 0001193125-17-025853) recast quarterly segment info,
seg_gf_opinc,Q2/16,22396,USD thousands,8-K 2017-01-31 Ex99.3 (acc 0001193125-17-025853) recast quarterly segment info,
seg_gf_opinc,Q3/16,17047,USD thousands,8-K 2017-01-31 Ex99.3 (acc 0001193125-17-025853) recast quarterly segment info,
seg_gf_opinc,Q4/16,24631,USD thousands,8-K 2017-01-31 Ex99.3 (acc 0001193125-17-025853) recast quarterly segment info,
seg_gf_opinc,FY2014,55591,USD thousands,10-K FY2016 filed 2017-03-01 Note 10 (acc 0001043277-17-000004),FY2014 recast only in FY2016 10-K (FY2015 10-K reported one segment)
seg_gf_opinc,FY2015,76081,USD thousands,10-K FY2016 filed 2017-03-01 Note 10 (acc 0001043277-17-000004),
seg_gf_opinc,FY2016,80931,USD thousands,10-K FY2016 filed 2017-03-01 Note 10 (acc 0001043277-17-000004),
seg_gf_rev,Q1/15,411451,USD thousands,8-K 2017-01-31 Ex99.3 (acc 0001193125-17-025853) recast quarterly segment info,"external revenues (excl. intersegment) - matches release segment-table ""Total revenues (1)"""
seg_gf_rev,Q2/15,431098,USD thousands,8-K 2017-01-31 Ex99.3 (acc 0001193125-17-025853) recast quarterly segment info,"external revenues (excl. intersegment) - matches release segment-table ""Total revenues (1)"""
seg_gf_rev,Q3/15,420628,USD thousands,8-K 2017-01-31 Ex99.3 (acc 0001193125-17-025853) recast quarterly segment info,"external revenues (excl. intersegment) - matches release segment-table ""Total revenues (1)"""
seg_gf_rev,Q4/15,376767,USD thousands,8-K 2017-01-31 Ex99.3 (acc 0001193125-17-025853) recast quarterly segment info,"external revenues (excl. intersegment) - matches release segment-table ""Total revenues (1)"""
seg_gf_rev,Q1/16,351112,USD thousands,8-K 2017-01-31 Ex99.3 (acc 0001193125-17-025853) recast quarterly segment info,"external revenues (excl. intersegment) - matches release segment-table ""Total revenues (1)"""
seg_gf_rev,Q2/16,356773,USD thousands,8-K 2017-01-31 Ex99.3 (acc 0001193125-17-025853) recast quarterly segment info,"external revenues (excl. intersegment) - matches release segment-table ""Total revenues (1)"""
seg_gf_rev,Q3/16,390830,USD thousands,8-K 2017-01-31 Ex99.3 (acc 0001193125-17-025853) recast quarterly segment info,"external revenues (excl. intersegment) - matches release segment-table ""Total revenues (1)"""
seg_gf_rev,Q4/16,475971,USD thousands,8-K 2017-01-31 Ex99.3 (acc 0001193125-17-025853) recast quarterly segment info,"external revenues (excl. intersegment) - matches release segment-table ""Total revenues (1)"""
seg_gf_rev,FY2014,1708789,USD thousands,10-K FY2016 filed 2017-03-01 Note 10 (acc 0001043277-17-000004),"external revenues (excl. intersegment) - matches release segment-table ""Total revenues (1)""; FY2014 recast only in FY2016 10-K (FY2015 10-K reported one segment)"
seg_gf_rev,FY2015,1639944,USD thousands,10-K FY2016 filed 2017-03-01 Note 10 (acc 0001043277-17-000004),"external revenues (excl. intersegment) - matches release segment-table ""Total revenues (1)"""
seg_gf_rev,FY2016,1574686,USD thousands,10-K FY2016 filed 2017-03-01 Note 10 (acc 0001043277-17-000004),"external revenues (excl. intersegment) - matches release segment-table ""Total revenues (1)"""
seg_gf_rev_gross,Q1/15,416702,USD thousands,8-K 2017-01-31 Ex99.3 (acc 0001193125-17-025853) recast quarterly segment info,Total revenues incl. intersegment
seg_gf_rev_gross,Q2/15,436125,USD thousands,8-K 2017-01-31 Ex99.3 (acc 0001193125-17-025853) recast quarterly segment info,Total revenues incl. intersegment
seg_gf_rev_gross,Q3/15,425157,USD thousands,8-K 2017-01-31 Ex99.3 (acc 0001193125-17-025853) recast quarterly segment info,Total revenues incl. intersegment
seg_gf_rev_gross,Q4/15,381062,USD thousands,8-K 2017-01-31 Ex99.3 (acc 0001193125-17-025853) recast quarterly segment info,Total revenues incl. intersegment
seg_gf_rev_gross,Q1/16,357192,USD thousands,8-K 2017-01-31 Ex99.3 (acc 0001193125-17-025853) recast quarterly segment info,Total revenues incl. intersegment
seg_gf_rev_gross,Q2/16,365536,USD thousands,8-K 2017-01-31 Ex99.3 (acc 0001193125-17-025853) recast quarterly segment info,Total revenues incl. intersegment
seg_gf_rev_gross,Q3/16,399572,USD thousands,8-K 2017-01-31 Ex99.3 (acc 0001193125-17-025853) recast quarterly segment info,Total revenues incl. intersegment
seg_gf_rev_gross,Q4/16,482697,USD thousands,8-K 2017-01-31 Ex99.3 (acc 0001193125-17-025853) recast quarterly segment info,Total revenues incl. intersegment
seg_gf_rev_gross,FY2014,1731281,USD thousands,10-K FY2016 filed 2017-03-01 Note 10 (acc 0001043277-17-000004),Total revenues incl. intersegment; FY2014 recast only in FY2016 10-K (FY2015 10-K reported one segment)
seg_gf_rev_gross,FY2015,1659046,USD thousands,10-K FY2016 filed 2017-03-01 Note 10 (acc 0001043277-17-000004),Total revenues incl. intersegment
seg_gf_rev_gross,FY2016,1604997,USD thousands,10-K FY2016 filed 2017-03-01 Note 10 (acc 0001043277-17-000004),Total revenues incl. intersegment
seg_nast_da,Q1/15,5466,USD thousands,8-K 2017-01-31 Ex99.3 (acc 0001193125-17-025853) recast quarterly segment info,
seg_nast_da,Q2/15,5469,USD thousands,8-K 2017-01-31 Ex99.3 (acc 0001193125-17-025853) recast quarterly segment info,
seg_nast_da,Q3/15,5454,USD thousands,8-K 2017-01-31 Ex99.3 (acc 0001193125-17-025853) recast quarterly segment info,
seg_nast_da,Q4/15,5457,USD thousands,8-K 2017-01-31 Ex99.3 (acc 0001193125-17-025853) recast quarterly segment info,
seg_nast_da,Q1/16,5502,USD thousands,8-K 2017-01-31 Ex99.3 (acc 0001193125-17-025853) recast quarterly segment info,
seg_nast_da,Q2/16,5502,USD thousands,8-K 2017-01-31 Ex99.3 (acc 0001193125-17-025853) recast quarterly segment info,
seg_nast_da,Q3/16,5547,USD thousands,8-K 2017-01-31 Ex99.3 (acc 0001193125-17-025853) recast quarterly segment info,
seg_nast_da,Q4/16,5575,USD thousands,8-K 2017-01-31 Ex99.3 (acc 0001193125-17-025853) recast quarterly segment info,
seg_nast_da,FY2014,10141,USD thousands,10-K FY2016 filed 2017-03-01 Note 10 (acc 0001043277-17-000004),FY2014 recast only in FY2016 10-K (FY2015 10-K reported one segment)
seg_nast_da,FY2015,21846,USD thousands,10-K FY2016 filed 2017-03-01 Note 10 (acc 0001043277-17-000004),
seg_nast_da,FY2016,22126,USD thousands,10-K FY2016 filed 2017-03-01 Note 10 (acc 0001043277-17-000004),
seg_nast_headcount,Q1/15,6391,employees,8-K 2017-01-31 Ex99.3 (acc 0001193125-17-025853) recast quarterly segment info,
seg_nast_headcount,Q2/15,6575,employees,8-K 2017-01-31 Ex99.3 (acc 0001193125-17-025853) recast quarterly segment info,
seg_nast_headcount,Q3/15,6723,employees,8-K 2017-01-31 Ex99.3 (acc 0001193125-17-025853) recast quarterly segment info,
seg_nast_headcount,Q4/15,6683,employees,8-K 2017-01-31 Ex99.3 (acc 0001193125-17-025853) recast quarterly segment info,
seg_nast_headcount,Q1/16,6666,employees,8-K 2017-01-31 Ex99.3 (acc 0001193125-17-025853) recast quarterly segment info,
seg_nast_headcount,Q2/16,6800,employees,8-K 2017-01-31 Ex99.3 (acc 0001193125-17-025853) recast quarterly segment info,
seg_nast_headcount,Q3/16,6869,employees,8-K 2017-01-31 Ex99.3 (acc 0001193125-17-025853) recast quarterly segment info,
seg_nast_headcount,Q4/16,6809,employees,8-K 2017-01-31 Ex99.3 (acc 0001193125-17-025853) recast quarterly segment info,
seg_nast_headcount,FY2014,5447,employees,10-K FY2016 filed 2017-03-01 Note 10 (acc 0001043277-17-000004),FY2014 recast only in FY2016 10-K (FY2015 10-K reported one segment)
seg_nast_headcount,FY2015,6575,employees,10-K FY2016 filed 2017-03-01 Note 10 (acc 0001043277-17-000004),
seg_nast_headcount,FY2016,6773,employees,10-K FY2016 filed 2017-03-01 Note 10 (acc 0001043277-17-000004),
seg_nast_netrev,Q1/15,358009,USD thousands,8-K 2017-01-31 Ex99.3 (acc 0001193125-17-025853) recast quarterly segment info,
seg_nast_netrev,Q2/15,398151,USD thousands,8-K 2017-01-31 Ex99.3 (acc 0001193125-17-025853) recast quarterly segment info,
seg_nast_netrev,Q3/15,410478,USD thousands,8-K 2017-01-31 Ex99.3 (acc 0001193125-17-025853) recast quarterly segment info,
seg_nast_netrev,Q4/15,398279,USD thousands,8-K 2017-01-31 Ex99.3 (acc 0001193125-17-025853) recast quarterly segment info,
seg_nast_netrev,Q1/16,383798,USD thousands,8-K 2017-01-31 Ex99.3 (acc 0001193125-17-025853) recast quarterly segment info,
seg_nast_netrev,Q2/16,399203,USD thousands,8-K 2017-01-31 Ex99.3 (acc 0001193125-17-025853) recast quarterly segment info,
seg_nast_netrev,Q3/16,378073,USD thousands,8-K 2017-01-31 Ex99.3 (acc 0001193125-17-025853) recast quarterly segment info,
seg_nast_netrev,Q4/16,363281,USD thousands,8-K 2017-01-31 Ex99.3 (acc 0001193125-17-025853) recast quarterly segment info,
seg_nast_netrev,FY2014,1351335,USD thousands,10-K FY2016 filed 2017-03-01 Note 10 (acc 0001043277-17-000004),FY2014 recast only in FY2016 10-K (FY2015 10-K reported one segment)
seg_nast_netrev,FY2015,1564917,USD thousands,10-K FY2016 filed 2017-03-01 Note 10 (acc 0001043277-17-000004),
seg_nast_netrev,FY2016,1524355,USD thousands,10-K FY2016 filed 2017-03-01 Note 10 (acc 0001043277-17-000004),
seg_nast_opinc,Q1/15,150093,USD thousands,8-K 2017-01-31 Ex99.3 (acc 0001193125-17-025853) recast quarterly segment info,
seg_nast_opinc,Q2/15,187063,USD thousands,8-K 2017-01-31 Ex99.3 (acc 0001193125-17-025853) recast quarterly segment info,
seg_nast_opinc,Q3/15,197209,USD thousands,8-K 2017-01-31 Ex99.3 (acc 0001193125-17-025853) recast quarterly segment info,
seg_nast_opinc,Q4/15,183964,USD thousands,8-K 2017-01-31 Ex99.3 (acc 0001193125-17-025853) recast quarterly segment info,
seg_nast_opinc,Q1/16,162351,USD thousands,8-K 2017-01-31 Ex99.3 (acc 0001193125-17-025853) recast quarterly segment info,
seg_nast_opinc,Q2/16,182721,USD thousands,8-K 2017-01-31 Ex99.3 (acc 0001193125-17-025853) recast quarterly segment info,
seg_nast_opinc,Q3/16,171733,USD thousands,8-K 2017-01-31 Ex99.3 (acc 0001193125-17-025853) recast quarterly segment info,
seg_nast_opinc,Q4/16,157631,USD thousands,8-K 2017-01-31 Ex99.3 (acc 0001193125-17-025853) recast quarterly segment info,
seg_nast_opinc,FY2014,644708,USD thousands,10-K FY2016 filed 2017-03-01 Note 10 (acc 0001043277-17-000004),FY2014 recast only in FY2016 10-K (FY2015 10-K reported one segment)
seg_nast_opinc,FY2015,718329,USD thousands,10-K FY2016 filed 2017-03-01 Note 10 (acc 0001043277-17-000004),
seg_nast_opinc,FY2016,674436,USD thousands,10-K FY2016 filed 2017-03-01 Note 10 (acc 0001043277-17-000004),
seg_nast_rev,Q1/15,2194751,USD thousands,8-K 2017-01-31 Ex99.3 (acc 0001193125-17-025853) recast quarterly segment info,"external revenues (excl. intersegment) - matches release segment-table ""Total revenues (1)"""
seg_nast_rev,Q2/15,2319936,USD thousands,8-K 2017-01-31 Ex99.3 (acc 0001193125-17-025853) recast quarterly segment info,"external revenues (excl. intersegment) - matches release segment-table ""Total revenues (1)"""
seg_nast_rev,Q3/15,2282235,USD thousands,8-K 2017-01-31 Ex99.3 (acc 0001193125-17-025853) recast quarterly segment info,"external revenues (excl. intersegment) - matches release segment-table ""Total revenues (1)"""
seg_nast_rev,Q4/15,2171427,USD thousands,8-K 2017-01-31 Ex99.3 (acc 0001193125-17-025853) recast quarterly segment info,"external revenues (excl. intersegment) - matches release segment-table ""Total revenues (1)"""
seg_nast_rev,Q1/16,2045479,USD thousands,8-K 2017-01-31 Ex99.3 (acc 0001193125-17-025853) recast quarterly segment info,"external revenues (excl. intersegment) - matches release segment-table ""Total revenues (1)"""
seg_nast_rev,Q2/16,2158615,USD thousands,8-K 2017-01-31 Ex99.3 (acc 0001193125-17-025853) recast quarterly segment info,"external revenues (excl. intersegment) - matches release segment-table ""Total revenues (1)"""
seg_nast_rev,Q3/16,2252187,USD thousands,8-K 2017-01-31 Ex99.3 (acc 0001193125-17-025853) recast quarterly segment info,"external revenues (excl. intersegment) - matches release segment-table ""Total revenues (1)"""
seg_nast_rev,Q4/16,2281435,USD thousands,8-K 2017-01-31 Ex99.3 (acc 0001193125-17-025853) recast quarterly segment info,"external revenues (excl. intersegment) - matches release segment-table ""Total revenues (1)"""
seg_nast_rev,FY2014,8738747,USD thousands,10-K FY2016 filed 2017-03-01 Note 10 (acc 0001043277-17-000004),"external revenues (excl. intersegment) - matches release segment-table ""Total revenues (1)""; FY2014 recast only in FY2016 10-K (FY2015 10-K reported one segment)"
seg_nast_rev,FY2015,8968349,USD thousands,10-K FY2016 filed 2017-03-01 Note 10 (acc 0001043277-17-000004),"external revenues (excl. intersegment) - matches release segment-table ""Total revenues (1)"""
seg_nast_rev,FY2016,8737716,USD thousands,10-K FY2016 filed 2017-03-01 Note 10 (acc 0001043277-17-000004),"external revenues (excl. intersegment) - matches release segment-table ""Total revenues (1)"""
seg_nast_rev_gross,Q1/15,2260097,USD thousands,8-K 2017-01-31 Ex99.3 (acc 0001193125-17-025853) recast quarterly segment info,Total revenues incl. intersegment
seg_nast_rev_gross,Q2/15,2391721,USD thousands,8-K 2017-01-31 Ex99.3 (acc 0001193125-17-025853) recast quarterly segment info,Total revenues incl. intersegment
seg_nast_rev_gross,Q3/15,2352080,USD thousands,8-K 2017-01-31 Ex99.3 (acc 0001193125-17-025853) recast quarterly segment info,Total revenues incl. intersegment
seg_nast_rev_gross,Q4/15,2236008,USD thousands,8-K 2017-01-31 Ex99.3 (acc 0001193125-17-025853) recast quarterly segment info,Total revenues incl. intersegment
seg_nast_rev_gross,Q1/16,2105748,USD thousands,8-K 2017-01-31 Ex99.3 (acc 0001193125-17-025853) recast quarterly segment info,Total revenues incl. intersegment
seg_nast_rev_gross,Q2/16,2230158,USD thousands,8-K 2017-01-31 Ex99.3 (acc 0001193125-17-025853) recast quarterly segment info,Total revenues incl. intersegment
seg_nast_rev_gross,Q3/16,2331915,USD thousands,8-K 2017-01-31 Ex99.3 (acc 0001193125-17-025853) recast quarterly segment info,Total revenues incl. intersegment
seg_nast_rev_gross,Q4/16,2368333,USD thousands,8-K 2017-01-31 Ex99.3 (acc 0001193125-17-025853) recast quarterly segment info,Total revenues incl. intersegment
seg_nast_rev_gross,FY2014,8993568,USD thousands,10-K FY2016 filed 2017-03-01 Note 10 (acc 0001043277-17-000004),Total revenues incl. intersegment; FY2014 recast only in FY2016 10-K (FY2015 10-K reported one segment)
seg_nast_rev_gross,FY2015,9239906,USD thousands,10-K FY2016 filed 2017-03-01 Note 10 (acc 0001043277-17-000004),Total revenues incl. intersegment
seg_nast_rev_gross,FY2016,9036154,USD thousands,10-K FY2016 filed 2017-03-01 Note 10 (acc 0001043277-17-000004),Total revenues incl. intersegment
seg_other_da,Q1/15,4908,USD thousands,8-K 2017-01-31 Ex99.3 (acc 0001193125-17-025853) recast quarterly segment info,
seg_other_da,Q2/15,5074,USD thousands,8-K 2017-01-31 Ex99.3 (acc 0001193125-17-025853) recast quarterly segment info,
seg_other_da,Q3/15,5442,USD thousands,8-K 2017-01-31 Ex99.3 (acc 0001193125-17-025853) recast quarterly segment info,
seg_other_da,Q4/15,5422,USD thousands,8-K 2017-01-31 Ex99.3 (acc 0001193125-17-025853) recast quarterly segment info,
seg_other_da,Q1/16,5526,USD thousands,8-K 2017-01-31 Ex99.3 (acc 0001193125-17-025853) recast quarterly segment info,
seg_other_da,Q2/16,6764,USD thousands,8-K 2017-01-31 Ex99.3 (acc 0001193125-17-025853) recast quarterly segment info,
seg_other_da,Q3/16,6054,USD thousands,8-K 2017-01-31 Ex99.3 (acc 0001193125-17-025853) recast quarterly segment info,
seg_other_da,Q4/16,7318,USD thousands,8-K 2017-01-31 Ex99.3 (acc 0001193125-17-025853) recast quarterly segment info,
seg_other_da,FY2014,22818,USD thousands,10-K FY2016 filed 2017-03-01 Note 10 (acc 0001043277-17-000004),FY2014 recast only in FY2016 10-K (FY2015 10-K reported one segment)
seg_other_da,FY2015,20846,USD thousands,10-K FY2016 filed 2017-03-01 Note 10 (acc 0001043277-17-000004),
seg_other_da,FY2016,25662,USD thousands,10-K FY2016 filed 2017-03-01 Note 10 (acc 0001043277-17-000004),
seg_other_headcount,Q1/15,2014,employees,8-K 2017-01-31 Ex99.3 (acc 0001193125-17-025853) recast quarterly segment info,
seg_other_headcount,Q2/15,2035,employees,8-K 2017-01-31 Ex99.3 (acc 0001193125-17-025853) recast quarterly segment info,
seg_other_headcount,Q3/15,2061,employees,8-K 2017-01-31 Ex99.3 (acc 0001193125-17-025853) recast quarterly segment info,
seg_other_headcount,Q4/15,2108,employees,8-K 2017-01-31 Ex99.3 (acc 0001193125-17-025853) recast quarterly segment info,
seg_other_headcount,Q1/16,2175,employees,8-K 2017-01-31 Ex99.3 (acc 0001193125-17-025853) recast quarterly segment info,
seg_other_headcount,Q2/16,2261,employees,8-K 2017-01-31 Ex99.3 (acc 0001193125-17-025853) recast quarterly segment info,
seg_other_headcount,Q3/16,2322,employees,8-K 2017-01-31 Ex99.3 (acc 0001193125-17-025853) recast quarterly segment info,
seg_other_headcount,Q4/16,2380,employees,8-K 2017-01-31 Ex99.3 (acc 0001193125-17-025853) recast quarterly segment info,
seg_other_headcount,FY2014,2056,employees,10-K FY2016 filed 2017-03-01 Note 10 (acc 0001043277-17-000004),FY2014 recast only in FY2016 10-K (FY2015 10-K reported one segment)
seg_other_headcount,FY2015,2054,employees,10-K FY2016 filed 2017-03-01 Note 10 (acc 0001043277-17-000004),
seg_other_headcount,FY2016,2282,employees,10-K FY2016 filed 2017-03-01 Note 10 (acc 0001043277-17-000004),
seg_other_netrev,Q1/15,25220,USD thousands,8-K 2017-01-31 Ex99.3 (acc 0001193125-17-025853) recast quarterly segment info,
seg_other_netrev,Q2/15,25309,USD thousands,8-K 2017-01-31 Ex99.3 (acc 0001193125-17-025853) recast quarterly segment info,
seg_other_netrev,Q3/15,25389,USD thousands,8-K 2017-01-31 Ex99.3 (acc 0001193125-17-025853) recast quarterly segment info,
seg_other_netrev,Q4/15,26844,USD thousands,8-K 2017-01-31 Ex99.3 (acc 0001193125-17-025853) recast quarterly segment info,
seg_other_netrev,Q1/16,28486,USD thousands,8-K 2017-01-31 Ex99.3 (acc 0001193125-17-025853) recast quarterly segment info,
seg_other_netrev,Q2/16,29968,USD thousands,8-K 2017-01-31 Ex99.3 (acc 0001193125-17-025853) recast quarterly segment info,
seg_other_netrev,Q3/16,29985,USD thousands,8-K 2017-01-31 Ex99.3 (acc 0001193125-17-025853) recast quarterly segment info,
seg_other_netrev,Q4/16,32403,USD thousands,8-K 2017-01-31 Ex99.3 (acc 0001193125-17-025853) recast quarterly segment info,
seg_other_netrev,FY2014,102533,USD thousands,10-K FY2016 filed 2017-03-01 Note 10 (acc 0001043277-17-000004),FY2014 recast only in FY2016 10-K (FY2015 10-K reported one segment)
seg_other_netrev,FY2015,102762,USD thousands,10-K FY2016 filed 2017-03-01 Note 10 (acc 0001043277-17-000004),
seg_other_netrev,FY2016,120842,USD thousands,10-K FY2016 filed 2017-03-01 Note 10 (acc 0001043277-17-000004),
seg_other_opinc,Q1/15,-1434,USD thousands,8-K 2017-01-31 Ex99.3 (acc 0001193125-17-025853) recast quarterly segment info,
seg_other_opinc,Q2/15,-4938,USD thousands,8-K 2017-01-31 Ex99.3 (acc 0001193125-17-025853) recast quarterly segment info,
seg_other_opinc,Q3/15,-6883,USD thousands,8-K 2017-01-31 Ex99.3 (acc 0001193125-17-025853) recast quarterly segment info,
seg_other_opinc,Q4/15,-4177,USD thousands,8-K 2017-01-31 Ex99.3 (acc 0001193125-17-025853) recast quarterly segment info,
seg_other_opinc,Q1/16,2011,USD thousands,8-K 2017-01-31 Ex99.3 (acc 0001193125-17-025853) recast quarterly segment info,
seg_other_opinc,Q2/16,1319,USD thousands,8-K 2017-01-31 Ex99.3 (acc 0001193125-17-025853) recast quarterly segment info,
seg_other_opinc,Q3/16,4754,USD thousands,8-K 2017-01-31 Ex99.3 (acc 0001193125-17-025853) recast quarterly segment info,
seg_other_opinc,Q4/16,-1677,USD thousands,8-K 2017-01-31 Ex99.3 (acc 0001193125-17-025853) recast quarterly segment info,
seg_other_opinc,FY2014,-14276,USD thousands,10-K FY2016 filed 2017-03-01 Note 10 (acc 0001043277-17-000004),FY2014 recast only in FY2016 10-K (FY2015 10-K reported one segment)
seg_other_opinc,FY2015,-17432,USD thousands,10-K FY2016 filed 2017-03-01 Note 10 (acc 0001043277-17-000004),
seg_other_opinc,FY2016,6407,USD thousands,10-K FY2016 filed 2017-03-01 Note 10 (acc 0001043277-17-000004),
seg_other_rev,Q1/15,124298,USD thousands,8-K 2017-01-31 Ex99.3 (acc 0001193125-17-025853) recast quarterly segment info,"external revenues (excl. intersegment) - matches release segment-table ""Total revenues (1)"""
seg_other_rev,Q2/15,121630,USD thousands,8-K 2017-01-31 Ex99.3 (acc 0001193125-17-025853) recast quarterly segment info,"external revenues (excl. intersegment) - matches release segment-table ""Total revenues (1)"""
seg_other_rev,Q3/15,113477,USD thousands,8-K 2017-01-31 Ex99.3 (acc 0001193125-17-025853) recast quarterly segment info,"external revenues (excl. intersegment) - matches release segment-table ""Total revenues (1)"""
seg_other_rev,Q4/15,112946,USD thousands,8-K 2017-01-31 Ex99.3 (acc 0001193125-17-025853) recast quarterly segment info,"external revenues (excl. intersegment) - matches release segment-table ""Total revenues (1)"""
seg_other_rev,Q1/16,113259,USD thousands,8-K 2017-01-31 Ex99.3 (acc 0001193125-17-025853) recast quarterly segment info,"external revenues (excl. intersegment) - matches release segment-table ""Total revenues (1)"""
seg_other_rev,Q2/16,124149,USD thousands,8-K 2017-01-31 Ex99.3 (acc 0001193125-17-025853) recast quarterly segment info,"external revenues (excl. intersegment) - matches release segment-table ""Total revenues (1)"""
seg_other_rev,Q3/16,122352,USD thousands,8-K 2017-01-31 Ex99.3 (acc 0001193125-17-025853) recast quarterly segment info,"external revenues (excl. intersegment) - matches release segment-table ""Total revenues (1)"""
seg_other_rev,Q4/16,128120,USD thousands,8-K 2017-01-31 Ex99.3 (acc 0001193125-17-025853) recast quarterly segment info,"external revenues (excl. intersegment) - matches release segment-table ""Total revenues (1)"""
seg_other_rev,FY2014,539368,USD thousands,10-K FY2016 filed 2017-03-01 Note 10 (acc 0001043277-17-000004),"external revenues (excl. intersegment) - matches release segment-table ""Total revenues (1)""; FY2014 recast only in FY2016 10-K (FY2015 10-K reported one segment)"
seg_other_rev,FY2015,472351,USD thousands,10-K FY2016 filed 2017-03-01 Note 10 (acc 0001043277-17-000004),"external revenues (excl. intersegment) - matches release segment-table ""Total revenues (1)"""
seg_other_rev,FY2016,487880,USD thousands,10-K FY2016 filed 2017-03-01 Note 10 (acc 0001043277-17-000004),"external revenues (excl. intersegment) - matches release segment-table ""Total revenues (1)"""
seg_other_rev_gross,Q1/15,124936,USD thousands,8-K 2017-01-31 Ex99.3 (acc 0001193125-17-025853) recast quarterly segment info,Total revenues incl. intersegment
seg_other_rev_gross,Q2/15,122140,USD thousands,8-K 2017-01-31 Ex99.3 (acc 0001193125-17-025853) recast quarterly segment info,Total revenues incl. intersegment
seg_other_rev_gross,Q3/15,114034,USD thousands,8-K 2017-01-31 Ex99.3 (acc 0001193125-17-025853) recast quarterly segment info,Total revenues incl. intersegment
seg_other_rev_gross,Q4/15,113348,USD thousands,8-K 2017-01-31 Ex99.3 (acc 0001193125-17-025853) recast quarterly segment info,Total revenues incl. intersegment
seg_other_rev_gross,Q1/16,113572,USD thousands,8-K 2017-01-31 Ex99.3 (acc 0001193125-17-025853) recast quarterly segment info,Total revenues incl. intersegment
seg_other_rev_gross,Q2/16,124378,USD thousands,8-K 2017-01-31 Ex99.3 (acc 0001193125-17-025853) recast quarterly segment info,Total revenues incl. intersegment
seg_other_rev_gross,Q3/16,122452,USD thousands,8-K 2017-01-31 Ex99.3 (acc 0001193125-17-025853) recast quarterly segment info,Total revenues incl. intersegment
seg_other_rev_gross,Q4/16,129689,USD thousands,8-K 2017-01-31 Ex99.3 (acc 0001193125-17-025853) recast quarterly segment info,Total revenues incl. intersegment
seg_other_rev_gross,FY2014,540662,USD thousands,10-K FY2016 filed 2017-03-01 Note 10 (acc 0001043277-17-000004),Total revenues incl. intersegment; FY2014 recast only in FY2016 10-K (FY2015 10-K reported one segment)
seg_other_rev_gross,FY2015,474458,USD thousands,10-K FY2016 filed 2017-03-01 Note 10 (acc 0001043277-17-000004),Total revenues incl. intersegment
seg_other_rev_gross,FY2016,490091,USD thousands,10-K FY2016 filed 2017-03-01 Note 10 (acc 0001043277-17-000004),Total revenues incl. intersegment
seg_rf_da,Q1/15,691,USD thousands,8-K 2017-01-31 Ex99.3 (acc 0001193125-17-025853) recast quarterly segment info,
seg_rf_da,Q2/15,720,USD thousands,8-K 2017-01-31 Ex99.3 (acc 0001193125-17-025853) recast quarterly segment info,
seg_rf_da,Q3/15,754,USD thousands,8-K 2017-01-31 Ex99.3 (acc 0001193125-17-025853) recast quarterly segment info,
seg_rf_da,Q4/15,762,USD thousands,8-K 2017-01-31 Ex99.3 (acc 0001193125-17-025853) recast quarterly segment info,
seg_rf_da,Q1/16,768,USD thousands,8-K 2017-01-31 Ex99.3 (acc 0001193125-17-025853) recast quarterly segment info,
seg_rf_da,Q2/16,839,USD thousands,8-K 2017-01-31 Ex99.3 (acc 0001193125-17-025853) recast quarterly segment info,
seg_rf_da,Q3/16,983,USD thousands,8-K 2017-01-31 Ex99.3 (acc 0001193125-17-025853) recast quarterly segment info,
seg_rf_da,Q4/16,1192,USD thousands,8-K 2017-01-31 Ex99.3 (acc 0001193125-17-025853) recast quarterly segment info,
seg_rf_da,FY2014,2393,USD thousands,10-K FY2016 filed 2017-03-01 Note 10 (acc 0001043277-17-000004),FY2014 recast only in FY2016 10-K (FY2015 10-K reported one segment)
seg_rf_da,FY2015,2927,USD thousands,10-K FY2016 filed 2017-03-01 Note 10 (acc 0001043277-17-000004),
seg_rf_da,FY2016,3782,USD thousands,10-K FY2016 filed 2017-03-01 Note 10 (acc 0001043277-17-000004),
seg_rf_headcount,Q1/15,866,employees,8-K 2017-01-31 Ex99.3 (acc 0001193125-17-025853) recast quarterly segment info,
seg_rf_headcount,Q2/15,890,employees,8-K 2017-01-31 Ex99.3 (acc 0001193125-17-025853) recast quarterly segment info,
seg_rf_headcount,Q3/15,906,employees,8-K 2017-01-31 Ex99.3 (acc 0001193125-17-025853) recast quarterly segment info,
seg_rf_headcount,Q4/15,912,employees,8-K 2017-01-31 Ex99.3 (acc 0001193125-17-025853) recast quarterly segment info,
seg_rf_headcount,Q1/16,922,employees,8-K 2017-01-31 Ex99.3 (acc 0001193125-17-025853) recast quarterly segment info,
seg_rf_headcount,Q2/16,947,employees,8-K 2017-01-31 Ex99.3 (acc 0001193125-17-025853) recast quarterly segment info,
seg_rf_headcount,Q3/16,956,employees,8-K 2017-01-31 Ex99.3 (acc 0001193125-17-025853) recast quarterly segment info,
seg_rf_headcount,Q4/16,951,employees,8-K 2017-01-31 Ex99.3 (acc 0001193125-17-025853) recast quarterly segment info,
seg_rf_headcount,FY2014,912,employees,10-K FY2016 filed 2017-03-01 Note 10 (acc 0001043277-17-000004),FY2014 recast only in FY2016 10-K (FY2015 10-K reported one segment)
seg_rf_headcount,FY2015,892,employees,10-K FY2016 filed 2017-03-01 Note 10 (acc 0001043277-17-000004),
seg_rf_headcount,FY2016,942,employees,10-K FY2016 filed 2017-03-01 Note 10 (acc 0001043277-17-000004),
seg_rf_netrev,Q1/15,55548,USD thousands,8-K 2017-01-31 Ex99.3 (acc 0001193125-17-025853) recast quarterly segment info,
seg_rf_netrev,Q2/15,65712,USD thousands,8-K 2017-01-31 Ex99.3 (acc 0001193125-17-025853) recast quarterly segment info,
seg_rf_netrev,Q3/15,57911,USD thousands,8-K 2017-01-31 Ex99.3 (acc 0001193125-17-025853) recast quarterly segment info,
seg_rf_netrev,Q4/15,56163,USD thousands,8-K 2017-01-31 Ex99.3 (acc 0001193125-17-025853) recast quarterly segment info,
seg_rf_netrev,Q1/16,58185,USD thousands,8-K 2017-01-31 Ex99.3 (acc 0001193125-17-025853) recast quarterly segment info,
seg_rf_netrev,Q2/16,67820,USD thousands,8-K 2017-01-31 Ex99.3 (acc 0001193125-17-025853) recast quarterly segment info,
seg_rf_netrev,Q3/16,57036,USD thousands,8-K 2017-01-31 Ex99.3 (acc 0001193125-17-025853) recast quarterly segment info,
seg_rf_netrev,Q4/16,51753,USD thousands,8-K 2017-01-31 Ex99.3 (acc 0001193125-17-025853) recast quarterly segment info,
seg_rf_netrev,FY2014,203591,USD thousands,10-K FY2016 filed 2017-03-01 Note 10 (acc 0001043277-17-000004),FY2014 recast only in FY2016 10-K (FY2015 10-K reported one segment)
seg_rf_netrev,FY2015,235334,USD thousands,10-K FY2016 filed 2017-03-01 Note 10 (acc 0001043277-17-000004),
seg_rf_netrev,FY2016,234794,USD thousands,10-K FY2016 filed 2017-03-01 Note 10 (acc 0001043277-17-000004),
seg_rf_opinc,Q1/15,19293,USD thousands,8-K 2017-01-31 Ex99.3 (acc 0001193125-17-025853) recast quarterly segment info,
seg_rf_opinc,Q2/15,26066,USD thousands,8-K 2017-01-31 Ex99.3 (acc 0001193125-17-025853) recast quarterly segment info,
seg_rf_opinc,Q3/15,19908,USD thousands,8-K 2017-01-31 Ex99.3 (acc 0001193125-17-025853) recast quarterly segment info,
seg_rf_opinc,Q4/15,16065,USD thousands,8-K 2017-01-31 Ex99.3 (acc 0001193125-17-025853) recast quarterly segment info,
seg_rf_opinc,Q1/16,17733,USD thousands,8-K 2017-01-31 Ex99.3 (acc 0001193125-17-025853) recast quarterly segment info,
seg_rf_opinc,Q2/16,27311,USD thousands,8-K 2017-01-31 Ex99.3 (acc 0001193125-17-025853) recast quarterly segment info,
seg_rf_opinc,Q3/16,17733,USD thousands,8-K 2017-01-31 Ex99.3 (acc 0001193125-17-025853) recast quarterly segment info,
seg_rf_opinc,Q4/16,12980,USD thousands,8-K 2017-01-31 Ex99.3 (acc 0001193125-17-025853) recast quarterly segment info,
seg_rf_opinc,FY2014,62395,USD thousands,10-K FY2016 filed 2017-03-01 Note 10 (acc 0001043277-17-000004),FY2014 recast only in FY2016 10-K (FY2015 10-K reported one segment)
seg_rf_opinc,FY2015,81332,USD thousands,10-K FY2016 filed 2017-03-01 Note 10 (acc 0001043277-17-000004),
seg_rf_opinc,FY2016,75757,USD thousands,10-K FY2016 filed 2017-03-01 Note 10 (acc 0001043277-17-000004),
seg_rf_rev,Q1/15,570390,USD thousands,8-K 2017-01-31 Ex99.3 (acc 0001193125-17-025853) recast quarterly segment info,"external revenues (excl. intersegment) - matches release segment-table ""Total revenues (1)"""
seg_rf_rev,Q2/15,672424,USD thousands,8-K 2017-01-31 Ex99.3 (acc 0001193125-17-025853) recast quarterly segment info,"external revenues (excl. intersegment) - matches release segment-table ""Total revenues (1)"""
seg_rf_rev,Q3/15,602913,USD thousands,8-K 2017-01-31 Ex99.3 (acc 0001193125-17-025853) recast quarterly segment info,"external revenues (excl. intersegment) - matches release segment-table ""Total revenues (1)"""
seg_rf_rev,Q4/15,549713,USD thousands,8-K 2017-01-31 Ex99.3 (acc 0001193125-17-025853) recast quarterly segment info,"external revenues (excl. intersegment) - matches release segment-table ""Total revenues (1)"""
seg_rf_rev,Q1/16,564093,USD thousands,8-K 2017-01-31 Ex99.3 (acc 0001193125-17-025853) recast quarterly segment info,"external revenues (excl. intersegment) - matches release segment-table ""Total revenues (1)"""
seg_rf_rev,Q2/16,660204,USD thousands,8-K 2017-01-31 Ex99.3 (acc 0001193125-17-025853) recast quarterly segment info,"external revenues (excl. intersegment) - matches release segment-table ""Total revenues (1)"""
seg_rf_rev,Q3/16,590385,USD thousands,8-K 2017-01-31 Ex99.3 (acc 0001193125-17-025853) recast quarterly segment info,"external revenues (excl. intersegment) - matches release segment-table ""Total revenues (1)"""
seg_rf_rev,Q4/16,529449,USD thousands,8-K 2017-01-31 Ex99.3 (acc 0001193125-17-025853) recast quarterly segment info,"external revenues (excl. intersegment) - matches release segment-table ""Total revenues (1)"""
seg_rf_rev,FY2014,2483163,USD thousands,10-K FY2016 filed 2017-03-01 Note 10 (acc 0001043277-17-000004),"external revenues (excl. intersegment) - matches release segment-table ""Total revenues (1)""; FY2014 recast only in FY2016 10-K (FY2015 10-K reported one segment)"
seg_rf_rev,FY2015,2395440,USD thousands,10-K FY2016 filed 2017-03-01 Note 10 (acc 0001043277-17-000004),"external revenues (excl. intersegment) - matches release segment-table ""Total revenues (1)"""
seg_rf_rev,FY2016,2344131,USD thousands,10-K FY2016 filed 2017-03-01 Note 10 (acc 0001043277-17-000004),"external revenues (excl. intersegment) - matches release segment-table ""Total revenues (1)"""
seg_rf_rev_gross,Q1/15,590442,USD thousands,8-K 2017-01-31 Ex99.3 (acc 0001193125-17-025853) recast quarterly segment info,Total revenues incl. intersegment
seg_rf_rev_gross,Q2/15,693805,USD thousands,8-K 2017-01-31 Ex99.3 (acc 0001193125-17-025853) recast quarterly segment info,Total revenues incl. intersegment
seg_rf_rev_gross,Q3/15,626522,USD thousands,8-K 2017-01-31 Ex99.3 (acc 0001193125-17-025853) recast quarterly segment info,Total revenues incl. intersegment
seg_rf_rev_gross,Q4/15,573704,USD thousands,8-K 2017-01-31 Ex99.3 (acc 0001193125-17-025853) recast quarterly segment info,Total revenues incl. intersegment
seg_rf_rev_gross,Q1/16,587989,USD thousands,8-K 2017-01-31 Ex99.3 (acc 0001193125-17-025853) recast quarterly segment info,Total revenues incl. intersegment
seg_rf_rev_gross,Q2/16,687253,USD thousands,8-K 2017-01-31 Ex99.3 (acc 0001193125-17-025853) recast quarterly segment info,Total revenues incl. intersegment
seg_rf_rev_gross,Q3/16,622640,USD thousands,8-K 2017-01-31 Ex99.3 (acc 0001193125-17-025853) recast quarterly segment info,Total revenues incl. intersegment
seg_rf_rev_gross,Q4/16,565652,USD thousands,8-K 2017-01-31 Ex99.3 (acc 0001193125-17-025853) recast quarterly segment info,Total revenues incl. intersegment
seg_rf_rev_gross,FY2014,2545738,USD thousands,10-K FY2016 filed 2017-03-01 Note 10 (acc 0001043277-17-000004),Total revenues incl. intersegment; FY2014 recast only in FY2016 10-K (FY2015 10-K reported one segment)
seg_rf_rev_gross,FY2015,2484473,USD thousands,10-K FY2016 filed 2017-03-01 Note 10 (acc 0001043277-17-000004),Total revenues incl. intersegment
seg_rf_rev_gross,FY2016,2463534,USD thousands,10-K FY2016 filed 2017-03-01 Note 10 (acc 0001043277-17-000004),Total revenues incl. intersegment
