filing_date,registrant,form,period,accession,items,primary_document,url
2011-05-09,STERIS Corp,8-K,2011-05-09,0001193125-11-131632,"2.02,9.01",d8k.htm,https://www.sec.gov/Archives/edgar/data/815065/000119312511131632/d8k.htm
2011-05-27,STERIS Corp,10-K,2011-03-31,0001445305-11-001008,,ste0331201110k.htm,https://www.sec.gov/Archives/edgar/data/815065/000144530511001008/ste0331201110k.htm
2011-08-02,STERIS Corp,8-K,2011-07-28,0001193125-11-205629,"2.02,5.02,5.07,8.01,9.01",d8k.htm,https://www.sec.gov/Archives/edgar/data/815065/000119312511205629/d8k.htm
2011-08-09,STERIS Corp,10-Q,2011-06-30,0000815065-11-000005,,ste0630201110-q.htm,https://www.sec.gov/Archives/edgar/data/815065/000081506511000005/ste0630201110-q.htm
2011-11-02,STERIS Corp,8-K,2011-11-02,0001193125-11-291958,"2.02,9.01",d249749d8k.htm,https://www.sec.gov/Archives/edgar/data/815065/000119312511291958/d249749d8k.htm
2011-11-08,STERIS Corp,10-Q,2011-09-30,0000815065-11-000011,,ste0930201110-q.htm,https://www.sec.gov/Archives/edgar/data/815065/000081506511000011/ste0930201110-q.htm
2012-02-07,STERIS Corp,8-K,2012-02-07,0001193125-12-042713,"2.02,9.01",d295771d8k.htm,https://www.sec.gov/Archives/edgar/data/815065/000119312512042713/d295771d8k.htm
2012-02-08,STERIS Corp,10-Q,2011-12-31,0000815065-12-000004,,ste1231201110-q.htm,https://www.sec.gov/Archives/edgar/data/815065/000081506512000004/ste1231201110-q.htm
2012-05-08,STERIS Corp,8-K,2012-05-08,0001193125-12-216923,"2.02,9.01",d348377d8k.htm,https://www.sec.gov/Archives/edgar/data/815065/000119312512216923/d348377d8k.htm
2012-05-30,STERIS Corp,10-K,2012-03-31,0000815065-12-000006,,ste0331201210-k.htm,https://www.sec.gov/Archives/edgar/data/815065/000081506512000006/ste0331201210-k.htm
2012-08-02,STERIS Corp,10-Q,2012-06-30,0000815065-12-000016,,ste0630201210-q.htm,https://www.sec.gov/Archives/edgar/data/815065/000081506512000016/ste0630201210-q.htm
2012-08-02,STERIS Corp,8-K,2012-08-02,0001193125-12-330360,"2.02,9.01",d389888d8k.htm,https://www.sec.gov/Archives/edgar/data/815065/000119312512330360/d389888d8k.htm
2012-10-31,STERIS Corp,8-K,2012-10-31,0001193125-12-442607,"2.02,9.01",d431200d8k.htm,https://www.sec.gov/Archives/edgar/data/815065/000119312512442607/d431200d8k.htm
2012-11-08,STERIS Corp,10-Q,2012-09-30,0000815065-12-000021,,ste0930201210-q.htm,https://www.sec.gov/Archives/edgar/data/815065/000081506512000021/ste0930201210-q.htm
2013-02-06,STERIS Corp,8-K,2013-02-06,0001193125-13-040202,"2.02,9.01",d480827d8k.htm,https://www.sec.gov/Archives/edgar/data/815065/000119312513040202/d480827d8k.htm
2013-02-08,STERIS Corp,10-Q,2012-12-31,0000815065-13-000003,,ste1231201210-q.htm,https://www.sec.gov/Archives/edgar/data/815065/000081506513000003/ste1231201210-q.htm
2013-05-07,STERIS Corp,8-K,2013-05-07,0001193125-13-203173,"2.02,9.01",d532964d8k.htm,https://www.sec.gov/Archives/edgar/data/815065/000119312513203173/d532964d8k.htm
2013-05-30,STERIS Corp,10-K,2013-03-31,0000815065-13-000006,,ste331201310-k.htm,https://www.sec.gov/Archives/edgar/data/815065/000081506513000006/ste331201310-k.htm
2013-08-07,STERIS Corp,8-K,2013-08-07,0001193125-13-323132,"2.02,9.01",d580974d8k.htm,https://www.sec.gov/Archives/edgar/data/815065/000119312513323132/d580974d8k.htm
2013-08-08,STERIS Corp,10-Q,2013-06-30,0000815065-13-000012,,ste0630201310-q.htm,https://www.sec.gov/Archives/edgar/data/815065/000081506513000012/ste0630201310-q.htm
2013-10-30,STERIS Corp,8-K,2013-10-30,0001193125-13-417200,"2.02,9.01",d620730d8k.htm,https://www.sec.gov/Archives/edgar/data/815065/000119312513417200/d620730d8k.htm
2013-11-08,STERIS Corp,10-Q,2013-09-30,0000815065-13-000014,,ste0930201310-q.htm,https://www.sec.gov/Archives/edgar/data/815065/000081506513000014/ste0930201310-q.htm
2014-02-05,STERIS Corp,8-K,2014-02-05,0001193125-14-036062,"2.02,9.01",d670961d8k.htm,https://www.sec.gov/Archives/edgar/data/815065/000119312514036062/d670961d8k.htm
2014-02-07,STERIS Corp,10-Q,2013-12-31,0000815065-14-000002,,ste1231201310-q.htm,https://www.sec.gov/Archives/edgar/data/815065/000081506514000002/ste1231201310-q.htm
2014-05-08,STERIS Corp,8-K,2014-05-08,0001193125-14-188987,"2.02,9.01",d721656d8k.htm,https://www.sec.gov/Archives/edgar/data/815065/000119312514188987/d721656d8k.htm
2014-05-29,STERIS Corp,10-K,2014-03-31,0000815065-14-000004,,ste331201410-k.htm,https://www.sec.gov/Archives/edgar/data/815065/000081506514000004/ste331201410-k.htm
2014-08-05,STERIS Corp,8-K,2014-07-30,0001193125-14-294729,"2.02,5.07,9.01",d767721d8k.htm,https://www.sec.gov/Archives/edgar/data/815065/000119312514294729/d767721d8k.htm
2014-08-08,STERIS Corp,10-Q,2014-06-30,0000815065-14-000008,,ste0630201410-q.htm,https://www.sec.gov/Archives/edgar/data/815065/000081506514000008/ste0630201410-q.htm
2014-11-04,STERIS Corp,8-K,2014-11-04,0001193125-14-396351,"2.02,9.01",d815461d8k.htm,https://www.sec.gov/Archives/edgar/data/815065/000119312514396351/d815461d8k.htm
2014-11-04,STERIS Corp,10-Q,2014-09-30,0000815065-14-000012,,ste0930201410-q.htm,https://www.sec.gov/Archives/edgar/data/815065/000081506514000012/ste0930201410-q.htm
2015-02-04,STERIS Corp,8-K,2015-02-04,0001193125-15-032704,"2.02,9.01",d865052d8k.htm,https://www.sec.gov/Archives/edgar/data/815065/000119312515032704/d865052d8k.htm
2015-02-09,STERIS Corp,10-Q,2014-12-31,0001628280-15-000532,,ste1231201410-q.htm,https://www.sec.gov/Archives/edgar/data/815065/000162828015000532/ste1231201410-q.htm
2015-05-07,STERIS Corp,8-K,2015-05-07,0001193125-15-176080,"2.02,9.01",d922280d8k.htm,https://www.sec.gov/Archives/edgar/data/815065/000119312515176080/d922280d8k.htm
2015-05-27,STERIS Corp,10-K,2015-03-31,0000815065-15-000004,,ste3312015.htm,https://www.sec.gov/Archives/edgar/data/815065/000081506515000004/ste3312015.htm
2015-08-04,STERIS Corp,8-K,2015-08-04,0001193125-15-275839,"2.02,9.01",d83038d8k.htm,https://www.sec.gov/Archives/edgar/data/815065/000119312515275839/d83038d8k.htm
2015-08-07,STERIS Corp,10-Q,2015-06-30,0000815065-15-000008,,ste0630201510-q.htm,https://www.sec.gov/Archives/edgar/data/815065/000081506515000008/ste0630201510-q.htm
2015-10-30,STERIS Corp,10-Q,2015-09-30,0000815065-15-000009,,ste0930201510-q.htm,https://www.sec.gov/Archives/edgar/data/815065/000081506515000009/ste0930201510-q.htm
2015-10-30,STERIS Corp,8-K,2015-10-30,0001193125-15-359012,"2.02,9.01",d51961d8k.htm,https://www.sec.gov/Archives/edgar/data/815065/000119312515359012/d51961d8k.htm
2016-02-09,STERIS plc (UK),10-Q,2015-12-31,0001624899-16-000004,,ste1231201510-q.htm,https://www.sec.gov/Archives/edgar/data/1624899/000162489916000004/ste1231201510-q.htm
2016-02-09,STERIS plc (UK),8-K,2016-02-09,0001193125-16-454502,"2.02,9.01",d132645d8k.htm,https://www.sec.gov/Archives/edgar/data/1624899/000119312516454502/d132645d8k.htm
2016-05-18,STERIS plc (UK),8-K,2016-05-17,0001193125-16-593731,"2.02,5.02,9.01",d138258d8k.htm,https://www.sec.gov/Archives/edgar/data/1624899/000119312516593731/d138258d8k.htm
2016-05-31,STERIS plc (UK),10-K,2016-03-31,0001624899-16-000005,,ste3312016.htm,https://www.sec.gov/Archives/edgar/data/1624899/000162489916000005/ste3312016.htm
2016-08-09,STERIS plc (UK),10-Q,2016-06-30,0001624899-16-000012,,ste0630201610-q.htm,https://www.sec.gov/Archives/edgar/data/1624899/000162489916000012/ste0630201610-q.htm
2016-08-09,STERIS plc (UK),8-K,2016-08-09,0001193125-16-675914,"2.02,9.01",d219357d8k.htm,https://www.sec.gov/Archives/edgar/data/1624899/000119312516675914/d219357d8k.htm
2016-11-02,STERIS plc (UK),8-K,2016-11-02,0001193125-16-756116,"2.02,9.01",d267036d8k.htm,https://www.sec.gov/Archives/edgar/data/1624899/000119312516756116/d267036d8k.htm
2016-11-08,STERIS plc (UK),10-Q,2016-09-30,0001624899-16-000015,,ste0930201610-q.htm,https://www.sec.gov/Archives/edgar/data/1624899/000162489916000015/ste0930201610-q.htm
2017-02-07,STERIS plc (UK),8-K,2017-02-07,0001193125-17-032458,"2.02,9.01",d342196d8k.htm,https://www.sec.gov/Archives/edgar/data/1624899/000119312517032458/d342196d8k.htm
2017-02-08,STERIS plc (UK),10-Q,2016-12-31,0001624899-17-000003,,ste1231201610-q.htm,https://www.sec.gov/Archives/edgar/data/1624899/000162489917000003/ste1231201610-q.htm
2017-05-09,STERIS plc (UK),8-K,2017-05-09,0001193125-17-163342,"2.02,9.01",d374732d8k.htm,https://www.sec.gov/Archives/edgar/data/1624899/000119312517163342/d374732d8k.htm
2017-05-26,STERIS plc (UK),10-K,2017-03-31,0001624899-17-000006,,ste3312017.htm,https://www.sec.gov/Archives/edgar/data/1624899/000162489917000006/ste3312017.htm
2017-08-08,STERIS plc (UK),10-Q,2017-06-30,0001624899-17-000009,,ste0630201710-q.htm,https://www.sec.gov/Archives/edgar/data/1624899/000162489917000009/ste0630201710-q.htm
2017-08-08,STERIS plc (UK),8-K,2017-08-08,0001193125-17-250590,"2.02,9.01",d391393d8k.htm,https://www.sec.gov/Archives/edgar/data/1624899/000119312517250590/d391393d8k.htm
2017-11-01,STERIS plc (UK),8-K,2017-11-01,0001193125-17-328146,"2.02,9.01",d472712d8k.htm,https://www.sec.gov/Archives/edgar/data/1624899/000119312517328146/d472712d8k.htm
2017-11-07,STERIS plc (UK),10-Q,2017-09-30,0001624899-17-000010,,ste0930201710-q.htm,https://www.sec.gov/Archives/edgar/data/1624899/000162489917000010/ste0930201710-q.htm
2018-02-07,STERIS plc (UK),8-K,2018-02-07,0001193125-18-033911,"2.02,9.01",d372830d8k.htm,https://www.sec.gov/Archives/edgar/data/1624899/000119312518033911/d372830d8k.htm
2018-02-08,STERIS plc (UK),10-Q,2017-12-31,0001624899-18-000002,,ste1231201710-q.htm,https://www.sec.gov/Archives/edgar/data/1624899/000162489918000002/ste1231201710-q.htm
2018-05-09,STERIS plc (UK),8-K,2018-05-04,0001193125-18-156709,"2.02,5.02,9.01",d560774d8k.htm,https://www.sec.gov/Archives/edgar/data/1624899/000119312518156709/d560774d8k.htm
2018-05-30,STERIS plc (UK),10-K,2018-03-31,0001624899-18-000003,,ste3312018.htm,https://www.sec.gov/Archives/edgar/data/1624899/000162489918000003/ste3312018.htm
2018-08-08,STERIS plc (UK),10-Q,2018-06-30,0001624899-18-000006,,ste0630201810-q.htm,https://www.sec.gov/Archives/edgar/data/1624899/000162489918000006/ste0630201810-q.htm
2018-08-08,STERIS plc (UK),8-K,2018-08-08,0001193125-18-241923,"2.02,9.01",d606416d8k.htm,https://www.sec.gov/Archives/edgar/data/1624899/000119312518241923/d606416d8k.htm
2018-11-06,STERIS plc (UK),10-Q,2018-09-30,0001624899-18-000009,,ste0930201810-q.htm,https://www.sec.gov/Archives/edgar/data/1624899/000162489918000009/ste0930201810-q.htm
2018-11-06,STERIS plc (UK),8-K,2018-11-06,0001193125-18-318939,"2.02,9.01",d627992d8k.htm,https://www.sec.gov/Archives/edgar/data/1624899/000119312518318939/d627992d8k.htm
2019-02-11,STERIS plc (UK),8-K,2019-02-11,0001193125-19-034134,"2.02,9.01",d671672d8k.htm,https://www.sec.gov/Archives/edgar/data/1624899/000119312519034134/d671672d8k.htm
2019-02-11,STERIS plc (UK),10-Q,2018-12-31,0001628280-19-001177,,ste1231201810-q.htm,https://www.sec.gov/Archives/edgar/data/1624899/000162828019001177/ste1231201810-q.htm
2019-05-13,STERIS plc (Ireland),8-K,2019-05-13,0001193125-19-145487,"2.02,7.01,9.01",d743478d8k.htm,https://www.sec.gov/Archives/edgar/data/1757898/000119312519145487/d743478d8k.htm
2019-05-30,STERIS plc (Ireland),10-K,2019-03-31,0001757898-19-000005,,ste3312019.htm,https://www.sec.gov/Archives/edgar/data/1757898/000175789819000005/ste3312019.htm
2019-08-05,STERIS plc (Ireland),8-K,2019-08-05,0001757898-19-000010,"2.02,9.01",form8-k.htm,https://www.sec.gov/Archives/edgar/data/1757898/000175789819000010/form8-k.htm
2019-08-07,STERIS plc (Ireland),10-Q,2019-06-30,0001757898-19-000012,,ste0630201910-q.htm,https://www.sec.gov/Archives/edgar/data/1757898/000175789819000012/ste0630201910-q.htm
2019-11-04,STERIS plc (Ireland),8-K,2019-11-04,0001757898-19-000015,"2.02,9.01",ste09302019form8-k.htm,https://www.sec.gov/Archives/edgar/data/1757898/000175789819000015/ste09302019form8-k.htm
2019-11-07,STERIS plc (Ireland),10-Q,2019-09-30,0001757898-19-000018,,ste0930201910-q.htm,https://www.sec.gov/Archives/edgar/data/1757898/000175789819000018/ste0930201910-q.htm
2020-02-10,STERIS plc (Ireland),8-K,2020-02-10,0001757898-20-000004,"2.02,9.01",ste12312019form8-k.htm,https://www.sec.gov/Archives/edgar/data/1757898/000175789820000004/ste12312019form8-k.htm
2020-02-10,STERIS plc (Ireland),10-Q,2019-12-31,0001757898-20-000003,,ste1231201910-q.htm,https://www.sec.gov/Archives/edgar/data/1757898/000175789820000003/ste1231201910-q.htm
2020-05-13,STERIS plc (Ireland),8-K,2020-05-13,0001757898-20-000008,"2.02,9.01",ste03312020form8-k.htm,https://www.sec.gov/Archives/edgar/data/1757898/000175789820000008/ste03312020form8-k.htm
2020-05-29,STERIS plc (Ireland),10-K,2020-03-31,0001757898-20-000012,,ste03312020.htm,https://www.sec.gov/Archives/edgar/data/1757898/000175789820000012/ste03312020.htm
2020-08-03,STERIS plc (Ireland),8-K,2020-07-28,0001757898-20-000018,"2.02,5.02,5.07,9.01",form8-k.htm,https://www.sec.gov/Archives/edgar/data/1757898/000175789820000018/form8-k.htm
2020-08-07,STERIS plc (Ireland),10-Q,2020-06-30,0001757898-20-000022,,ste0630202010-q.htm,https://www.sec.gov/Archives/edgar/data/1757898/000175789820000022/ste0630202010-q.htm
2020-11-02,STERIS plc (Ireland),8-K,2020-11-02,0001757898-20-000025,"2.02,9.01",ste-20201102.htm,https://www.sec.gov/Archives/edgar/data/1757898/000175789820000025/ste-20201102.htm
2020-11-06,STERIS plc (Ireland),10-Q,2020-09-30,0001757898-20-000028,,ste-20200930.htm,https://www.sec.gov/Archives/edgar/data/1757898/000175789820000028/ste-20200930.htm
2021-02-02,STERIS plc (Ireland),8-K,2021-02-02,0001757898-21-000003,"2.02,9.01",ste-20210202.htm,https://www.sec.gov/Archives/edgar/data/1757898/000175789821000003/ste-20210202.htm
2021-02-09,STERIS plc (Ireland),10-Q,2020-12-31,0001757898-21-000007,,ste-20201231.htm,https://www.sec.gov/Archives/edgar/data/1757898/000175789821000007/ste-20201231.htm
2021-04-27,STERIS plc (Ireland),8-K,2021-04-27,0001140361-21-014412,"2.02,8.01,9.01",nc10023645x1_8k.htm,https://www.sec.gov/Archives/edgar/data/1757898/000114036121014412/nc10023645x1_8k.htm
2021-05-18,STERIS plc (Ireland),8-K,2021-05-18,0001757898-21-000013,"2.02,9.01",ste-20210518.htm,https://www.sec.gov/Archives/edgar/data/1757898/000175789821000013/ste-20210518.htm
2021-05-28,STERIS plc (Ireland),10-K,2021-03-31,0001757898-21-000017,,ste-20210331.htm,https://www.sec.gov/Archives/edgar/data/1757898/000175789821000017/ste-20210331.htm
2021-08-09,STERIS plc (Ireland),10-Q,2021-06-30,0001757898-21-000027,,ste-20210630.htm,https://www.sec.gov/Archives/edgar/data/1757898/000175789821000027/ste-20210630.htm
2021-08-09,STERIS plc (Ireland),8-K,2021-08-09,0001757898-21-000026,"2.02,9.01",ste-20210809.htm,https://www.sec.gov/Archives/edgar/data/1757898/000175789821000026/ste-20210809.htm
2021-11-02,STERIS plc (Ireland),8-K,2021-11-02,0001757898-21-000030,"2.02,9.01",ste-20211102.htm,https://www.sec.gov/Archives/edgar/data/1757898/000175789821000030/ste-20211102.htm
2021-11-08,STERIS plc (Ireland),10-Q,2021-09-30,0001757898-21-000034,,ste-20210930.htm,https://www.sec.gov/Archives/edgar/data/1757898/000175789821000034/ste-20210930.htm
2022-02-08,STERIS plc (Ireland),8-K,2022-02-08,0001757898-22-000004,"2.02,9.01",ste-20220208.htm,https://www.sec.gov/Archives/edgar/data/1757898/000175789822000004/ste-20220208.htm
2022-02-09,STERIS plc (Ireland),10-Q,2021-12-31,0001757898-22-000005,,ste-20211231.htm,https://www.sec.gov/Archives/edgar/data/1757898/000175789822000005/ste-20211231.htm
2022-05-12,STERIS plc (Ireland),8-K,2022-05-11,0001757898-22-000008,"2.02,9.01",ste-20220511.htm,https://www.sec.gov/Archives/edgar/data/1757898/000175789822000008/ste-20220511.htm
2022-05-31,STERIS plc (Ireland),10-K,2022-03-31,0001757898-22-000011,,ste-20220331.htm,https://www.sec.gov/Archives/edgar/data/1757898/000175789822000011/ste-20220331.htm
2022-08-02,STERIS plc (Ireland),8-K,2022-08-02,0001757898-22-000016,"2.02,9.01",ste-20220802.htm,https://www.sec.gov/Archives/edgar/data/1757898/000175789822000016/ste-20220802.htm
2022-08-08,STERIS plc (Ireland),10-Q,2022-06-30,0001757898-22-000019,,ste-20220630.htm,https://www.sec.gov/Archives/edgar/data/1757898/000175789822000019/ste-20220630.htm
2022-11-09,STERIS plc (Ireland),10-Q,2022-09-30,0001757898-22-000021,,ste-20220930.htm,https://www.sec.gov/Archives/edgar/data/1757898/000175789822000021/ste-20220930.htm
2022-11-09,STERIS plc (Ireland),8-K,2022-11-09,0001757898-22-000020,"2.02,9.01",ste-20221109.htm,https://www.sec.gov/Archives/edgar/data/1757898/000175789822000020/ste-20221109.htm
2023-02-08,STERIS plc (Ireland),10-Q,2022-12-31,0001757898-23-000002,,ste-20221231.htm,https://www.sec.gov/Archives/edgar/data/1757898/000175789823000002/ste-20221231.htm
2023-02-08,STERIS plc (Ireland),8-K,2023-02-08,0001757898-23-000001,"2.02,9.01",ste-20230208.htm,https://www.sec.gov/Archives/edgar/data/1757898/000175789823000001/ste-20230208.htm
2023-05-10,STERIS plc (Ireland),8-K,2023-05-10,0001757898-23-000004,"2.02,9.01",ste-20230510.htm,https://www.sec.gov/Archives/edgar/data/1757898/000175789823000004/ste-20230510.htm
2023-05-26,STERIS plc (Ireland),10-K,2023-03-31,0001757898-23-000005,,ste-20230331.htm,https://www.sec.gov/Archives/edgar/data/1757898/000175789823000005/ste-20230331.htm
2023-08-01,STERIS plc (Ireland),8-K,2023-08-01,0001757898-23-000008,"2.02,9.01",ste-20230801.htm,https://www.sec.gov/Archives/edgar/data/1757898/000175789823000008/ste-20230801.htm
2023-08-08,STERIS plc (Ireland),10-Q,2023-06-30,0001757898-23-000010,,ste-20230630.htm,https://www.sec.gov/Archives/edgar/data/1757898/000175789823000010/ste-20230630.htm
2023-11-07,STERIS plc (Ireland),10-Q,2023-09-30,0001757898-23-000013,,ste-20230930.htm,https://www.sec.gov/Archives/edgar/data/1757898/000175789823000013/ste-20230930.htm
2023-11-07,STERIS plc (Ireland),8-K,2023-11-07,0001757898-23-000012,"2.02,9.01",ste-20231107.htm,https://www.sec.gov/Archives/edgar/data/1757898/000175789823000012/ste-20231107.htm
2024-02-07,STERIS plc (Ireland),8-K,2024-02-07,0001757898-24-000001,"2.02,9.01",ste-20240207.htm,https://www.sec.gov/Archives/edgar/data/1757898/000175789824000001/ste-20240207.htm
2024-02-08,STERIS plc (Ireland),10-Q,2023-12-31,0001757898-24-000002,,ste-20231231.htm,https://www.sec.gov/Archives/edgar/data/1757898/000175789824000002/ste-20231231.htm
2024-05-08,STERIS plc (Ireland),8-K,2024-05-07,0001757898-24-000005,"2.02,2.05,9.01",ste-20240507.htm,https://www.sec.gov/Archives/edgar/data/1757898/000175789824000005/ste-20240507.htm
2024-05-29,STERIS plc (Ireland),10-K,2024-03-31,0001757898-24-000008,,ste-20240331.htm,https://www.sec.gov/Archives/edgar/data/1757898/000175789824000008/ste-20240331.htm
2024-08-06,STERIS plc (Ireland),8-K,2024-08-06,0001757898-24-000014,"2.02,9.01",ste-20240806.htm,https://www.sec.gov/Archives/edgar/data/1757898/000175789824000014/ste-20240806.htm
2024-08-08,STERIS plc (Ireland),10-Q,2024-06-30,0001757898-24-000016,,ste-20240630.htm,https://www.sec.gov/Archives/edgar/data/1757898/000175789824000016/ste-20240630.htm
2024-11-06,STERIS plc (Ireland),8-K,2024-11-06,0001757898-24-000017,"2.02,9.01",ste-20241106.htm,https://www.sec.gov/Archives/edgar/data/1757898/000175789824000017/ste-20241106.htm
2024-11-07,STERIS plc (Ireland),10-Q,2024-09-30,0001757898-24-000018,,ste-20240930.htm,https://www.sec.gov/Archives/edgar/data/1757898/000175789824000018/ste-20240930.htm
2025-02-05,STERIS plc (Ireland),8-K,2025-02-05,0001757898-25-000001,"2.02,9.01",ste-20250205.htm,https://www.sec.gov/Archives/edgar/data/1757898/000175789825000001/ste-20250205.htm
2025-02-07,STERIS plc (Ireland),10-Q,2024-12-31,0001757898-25-000002,,ste-20241231.htm,https://www.sec.gov/Archives/edgar/data/1757898/000175789825000002/ste-20241231.htm
2025-05-14,STERIS plc (Ireland),8-K,2025-05-14,0001757898-25-000004,"2.02,9.01",ste-20250514.htm,https://www.sec.gov/Archives/edgar/data/1757898/000175789825000004/ste-20250514.htm
2025-05-29,STERIS plc (Ireland),10-K,2025-03-31,0001757898-25-000005,,ste-20250331.htm,https://www.sec.gov/Archives/edgar/data/1757898/000175789825000005/ste-20250331.htm
2025-08-06,STERIS plc (Ireland),8-K,2025-07-31,0001757898-25-000007,"2.02,5.02,5.07,9.01",ste-20250731.htm,https://www.sec.gov/Archives/edgar/data/1757898/000175789825000007/ste-20250731.htm
2025-08-07,STERIS plc (Ireland),10-Q,2025-06-30,0001757898-25-000008,,ste-20250630.htm,https://www.sec.gov/Archives/edgar/data/1757898/000175789825000008/ste-20250630.htm
2025-11-05,STERIS plc (Ireland),8-K,2025-11-05,0001757898-25-000011,"2.02,9.01",ste-20251105.htm,https://www.sec.gov/Archives/edgar/data/1757898/000175789825000011/ste-20251105.htm
2025-11-06,STERIS plc (Ireland),10-Q,2025-09-30,0001628280-25-050160,,ste-20250930.htm,https://www.sec.gov/Archives/edgar/data/1757898/000162828025050160/ste-20250930.htm
2026-02-04,STERIS plc (Ireland),8-K,2026-02-04,0001628280-26-005473,"2.02,9.01",ste-20260204.htm,https://www.sec.gov/Archives/edgar/data/1757898/000162828026005473/ste-20260204.htm
2026-02-06,STERIS plc (Ireland),10-Q,2025-12-31,0001628280-26-006055,,ste-20251231.htm,https://www.sec.gov/Archives/edgar/data/1757898/000162828026006055/ste-20251231.htm
2026-05-11,STERIS plc (Ireland),8-K,2026-05-11,0001628280-26-033580,"2.02,9.01",ste-20260511.htm,https://www.sec.gov/Archives/edgar/data/1757898/000162828026033580/ste-20260511.htm
2026-05-29,STERIS plc (Ireland),10-K,2026-03-31,0001628280-26-039136,,ste-20260331.htm,https://www.sec.gov/Archives/edgar/data/1757898/000162828026039136/ste-20260331.htm
2026-08-05,STERIS plc (Ireland),8-K,2026-08-05,0001628280-26-053412,"2.02,2.05,9.01",ste-20260805.htm,https://www.sec.gov/Archives/edgar/data/1757898/000162828026053412/ste-20260805.htm
2026-08-07,STERIS plc (Ireland),10-Q,2026-06-30,0001628280-26-054830,,ste-20260630.htm,https://www.sec.gov/Archives/edgar/data/1757898/000162828026054830/ste-20260630.htm
