form,filed,period,cik,accession,primary_doc,folder_url,items
8-K,2006-02-22,2006-02-16,943452,0001193125-06-036741,d8k.htm,https://www.sec.gov/Archives/edgar/data/943452/000119312506036741/,"1.01,2.02,8.01,9.01"
10-K,2006-03-16,2005-12-31,943452,0001193125-06-056807,d10k.htm,https://www.sec.gov/Archives/edgar/data/943452/000119312506056807/,
8-K,2006-04-25,2006-04-25,943452,0001193125-06-087553,d8k.htm,https://www.sec.gov/Archives/edgar/data/943452/000119312506087553/,"2.02,8.01,9.01"
10-Q,2006-05-10,2006-03-31,943452,0001193125-06-107416,d10q.htm,https://www.sec.gov/Archives/edgar/data/943452/000119312506107416/,
8-K,2006-07-25,2006-07-19,943452,0001193125-06-152349,d8k.htm,https://www.sec.gov/Archives/edgar/data/943452/000119312506152349/,"2.02,2.05,9.01"
10-Q,2006-08-07,2006-06-30,943452,0001193125-06-163547,d10q.htm,https://www.sec.gov/Archives/edgar/data/943452/000119312506163547/,
8-K,2006-10-25,2006-10-25,943452,0001193125-06-214801,d8k.htm,https://www.sec.gov/Archives/edgar/data/943452/000119312506214801/,"2.02,8.01,9.01"
10-Q,2006-11-09,2006-09-30,943452,0001193125-06-230039,d10q.htm,https://www.sec.gov/Archives/edgar/data/943452/000119312506230039/,
8-K,2007-02-22,2007-02-22,943452,0001193125-07-037006,d8k.htm,https://www.sec.gov/Archives/edgar/data/943452/000119312507037006/,"2.02,8.01,9.01"
10-K,2007-03-01,2006-12-31,943452,0001193125-07-043570,d10k.htm,https://www.sec.gov/Archives/edgar/data/943452/000119312507043570/,
8-K,2007-04-26,2007-04-26,943452,0001193125-07-091936,d8k.htm,https://www.sec.gov/Archives/edgar/data/943452/000119312507091936/,"2.02,8.01,9.01"
10-Q,2007-05-10,2007-03-31,943452,0001193125-07-109972,d10q.htm,https://www.sec.gov/Archives/edgar/data/943452/000119312507109972/,
8-K,2007-07-26,2007-07-25,943452,0001193125-07-162913,d8k.htm,https://www.sec.gov/Archives/edgar/data/943452/000119312507162913/,"2.02,5.02,8.01,9.01"
10-Q,2007-08-09,2007-06-30,943452,0001193125-07-176979,d10q.htm,https://www.sec.gov/Archives/edgar/data/943452/000119312507176979/,
8-K,2007-10-24,2007-10-24,943452,0001193125-07-224328,d8k.htm,https://www.sec.gov/Archives/edgar/data/943452/000119312507224328/,"2.02,8.01,9.01"
10-Q,2007-11-09,2007-09-30,943452,0001193125-07-241814,d10q.htm,https://www.sec.gov/Archives/edgar/data/943452/000119312507241814/,
8-K,2008-02-21,2008-02-21,943452,0001193125-08-034995,d8k.htm,https://www.sec.gov/Archives/edgar/data/943452/000119312508034995/,"2.02,8.01,9.01"
10-K,2008-02-29,2007-12-31,943452,0001193125-08-043352,d10k.htm,https://www.sec.gov/Archives/edgar/data/943452/000119312508043352/,
8-K,2008-04-24,2008-04-24,943452,0001193125-08-088807,d8k.htm,https://www.sec.gov/Archives/edgar/data/943452/000119312508088807/,"2.02,8.01,9.01"
10-Q,2008-05-09,2008-03-31,943452,0001193125-08-109270,d10q.htm,https://www.sec.gov/Archives/edgar/data/943452/000119312508109270/,
8-K,2008-07-22,2008-07-22,943452,0001193125-08-154926,d8k.htm,https://www.sec.gov/Archives/edgar/data/943452/000119312508154926/,"2.02,8.01,9.01"
10-Q,2008-08-08,2008-06-30,943452,0001193125-08-170944,d10q.htm,https://www.sec.gov/Archives/edgar/data/943452/000119312508170944/,
8-K,2008-10-22,2008-10-22,943452,0001193125-08-214084,d8k.htm,https://www.sec.gov/Archives/edgar/data/943452/000119312508214084/,"2.02,8.01,9.01"
10-Q,2008-11-06,2008-09-30,943452,0001193125-08-227810,d10q.htm,https://www.sec.gov/Archives/edgar/data/943452/000119312508227810/,
8-K,2009-02-24,2009-02-24,943452,0001193125-09-035720,d8k.htm,https://www.sec.gov/Archives/edgar/data/943452/000119312509035720/,"2.02,8.01,9.01"
10-K,2009-02-27,2008-12-31,943452,0001193125-09-040484,d10k.htm,https://www.sec.gov/Archives/edgar/data/943452/000119312509040484/,
8-K,2009-04-22,2009-04-22,943452,0001193125-09-084176,d8k.htm,https://www.sec.gov/Archives/edgar/data/943452/000119312509084176/,"2.02,8.01,9.01"
10-Q,2009-05-07,2009-03-31,943452,0001193125-09-103388,d10q.htm,https://www.sec.gov/Archives/edgar/data/943452/000119312509103388/,
10-K/A,2009-05-14,2008-12-31,943452,0001193125-09-111555,d10ka.htm,https://www.sec.gov/Archives/edgar/data/943452/000119312509111555/,
8-K,2009-07-24,2009-07-24,943452,0001193125-09-154517,d8k.htm,https://www.sec.gov/Archives/edgar/data/943452/000119312509154517/,"2.02,8.01,9.01"
10-Q,2009-08-07,2009-06-30,943452,0001193125-09-168339,d10q.htm,https://www.sec.gov/Archives/edgar/data/943452/000119312509168339/,
10-Q,2009-10-29,2009-09-30,943452,0001193125-09-217097,d10q.htm,https://www.sec.gov/Archives/edgar/data/943452/000119312509217097/,
8-K,2009-10-29,2009-10-29,943452,0001193125-09-216963,d8k.htm,https://www.sec.gov/Archives/edgar/data/943452/000119312509216963/,"2.02,8.01,9.01"
10-K,2010-02-24,2009-12-31,943452,0001193125-10-038499,d10k.htm,https://www.sec.gov/Archives/edgar/data/943452/000119312510038499/,
8-K,2010-02-25,2010-02-23,943452,0001193125-10-040726,d8k.htm,https://www.sec.gov/Archives/edgar/data/943452/000119312510040726/,"2.02,8.01,9.01"
8-K,2010-04-27,2010-04-27,943452,0001193125-10-094230,d8k.htm,https://www.sec.gov/Archives/edgar/data/943452/000119312510094230/,"2.02,8.01,9.01"
10-Q,2010-05-06,2010-03-31,943452,0001193125-10-111008,d10q.htm,https://www.sec.gov/Archives/edgar/data/943452/000119312510111008/,
8-K,2010-07-27,2010-07-27,943452,0001193125-10-167198,d8k.htm,https://www.sec.gov/Archives/edgar/data/943452/000119312510167198/,"2.02,8.01,9.01"
10-Q,2010-08-05,2010-06-30,943452,0001193125-10-179157,d10q.htm,https://www.sec.gov/Archives/edgar/data/943452/000119312510179157/,
8-K,2010-10-28,2010-10-27,943452,0001193125-10-238760,d8k.htm,https://www.sec.gov/Archives/edgar/data/943452/000119312510238760/,"2.02,8.01,9.01"
10-Q,2010-11-08,2010-09-30,943452,0001193125-10-251301,d10q.htm,https://www.sec.gov/Archives/edgar/data/943452/000119312510251301/,
8-K,2011-02-22,2011-02-15,943452,0001193125-11-041497,d8k.htm,https://www.sec.gov/Archives/edgar/data/943452/000119312511041497/,"2.02,5.03,8.01,9.01"
10-K,2011-02-25,2010-12-31,943452,0001193125-11-046939,d10k.htm,https://www.sec.gov/Archives/edgar/data/943452/000119312511046939/,
8-K,2011-04-26,2011-04-26,943452,0001193125-11-108737,d8k.htm,https://www.sec.gov/Archives/edgar/data/943452/000119312511108737/,"2.02,8.01,9.01"
10-Q,2011-05-09,2011-03-31,943452,0001193125-11-131663,d10q.htm,https://www.sec.gov/Archives/edgar/data/943452/000119312511131663/,
8-K,2011-07-26,2011-07-26,943452,0001193125-11-197454,d8k.htm,https://www.sec.gov/Archives/edgar/data/943452/000119312511197454/,"2.02,8.01,9.01"
10-Q,2011-08-04,2011-06-30,943452,0001193125-11-209950,d10q.htm,https://www.sec.gov/Archives/edgar/data/943452/000119312511209950/,
8-K,2011-10-25,2011-10-25,943452,0001193125-11-279961,d247422d8k.htm,https://www.sec.gov/Archives/edgar/data/943452/000119312511279961/,"2.02,7.01,9.01"
10-Q,2011-11-09,2011-09-30,943452,0001193125-11-303968,d233137d10q.htm,https://www.sec.gov/Archives/edgar/data/943452/000119312511303968/,
8-K,2012-02-21,2012-02-21,943452,0001193125-12-069485,d305298d8k.htm,https://www.sec.gov/Archives/edgar/data/943452/000119312512069485/,"2.02,7.01,9.01"
10-K,2012-02-24,2011-12-31,943452,0001193125-12-077488,d260748d10k.htm,https://www.sec.gov/Archives/edgar/data/943452/000119312512077488/,
8-K,2012-04-17,2012-04-12,943452,0001193125-12-166304,d335892d8k.htm,https://www.sec.gov/Archives/edgar/data/943452/000119312512166304/,"2.02,7.01,9.01"
8-K,2012-04-24,2012-04-24,943452,0001193125-12-177596,d339251d8k.htm,https://www.sec.gov/Archives/edgar/data/943452/000119312512177596/,"2.02,7.01,9.01"
10-Q,2012-05-03,2012-03-31,943452,0001193125-12-207110,d320962d10q.htm,https://www.sec.gov/Archives/edgar/data/943452/000119312512207110/,
8-K,2012-07-24,2012-07-24,943452,0001193125-12-311389,d383803d8k.htm,https://www.sec.gov/Archives/edgar/data/943452/000119312512311389/,"2.02,7.01,9.01"
10-Q,2012-08-02,2012-06-30,943452,0001193125-12-331482,d357740d10q.htm,https://www.sec.gov/Archives/edgar/data/943452/000119312512331482/,
8-K,2012-10-23,2012-10-23,943452,0001193125-12-430918,d427657d8k.htm,https://www.sec.gov/Archives/edgar/data/943452/000119312512430918/,"2.02,7.01,9.01"
10-Q,2012-11-02,2012-09-30,943452,0001193125-12-448444,d406933d10q.htm,https://www.sec.gov/Archives/edgar/data/943452/000119312512448444/,
8-K,2013-02-19,2013-02-19,943452,0001193125-13-064246,d489050d8k.htm,https://www.sec.gov/Archives/edgar/data/943452/000119312513064246/,"2.02,7.01,9.01"
10-K,2013-02-22,2012-12-31,943452,0001193125-13-071115,d448585d10k.htm,https://www.sec.gov/Archives/edgar/data/943452/000119312513071115/,
8-K,2013-04-24,2013-04-24,943452,0001193125-13-168893,d526304d8k.htm,https://www.sec.gov/Archives/edgar/data/943452/000119312513168893/,"2.02,7.01,9.01"
10-Q,2013-05-02,2013-03-31,943452,0000950123-13-003288,wab-10q_20130331.htm,https://www.sec.gov/Archives/edgar/data/943452/000095012313003288/,
8-K,2013-07-25,2013-07-25,943452,0001193125-13-301617,d573529d8k.htm,https://www.sec.gov/Archives/edgar/data/943452/000119312513301617/,"2.02,7.01,9.01"
10-Q,2013-07-26,2013-06-30,943452,0001564590-13-000125,wab-10q_20130630.htm,https://www.sec.gov/Archives/edgar/data/943452/000156459013000125/,
8-K,2013-10-24,2013-10-24,943452,0001193125-13-409082,d616427d8k.htm,https://www.sec.gov/Archives/edgar/data/943452/000119312513409082/,"2.02,7.01,9.01"
10-Q,2013-10-31,2013-09-30,943452,0001564590-13-000837,wab-10q_20131001.htm,https://www.sec.gov/Archives/edgar/data/943452/000156459013000837/,
8-K,2014-02-19,2014-02-19,943452,0001193125-14-058053,d678796d8k.htm,https://www.sec.gov/Archives/edgar/data/943452/000119312514058053/,"2.02,7.01,9.01"
10-K,2014-02-21,2013-12-31,943452,0001564590-14-000306,wab-10k_20131231.htm,https://www.sec.gov/Archives/edgar/data/943452/000156459014000306/,
8-K,2014-04-23,2014-04-23,943452,0001193125-14-153700,d714102d8k.htm,https://www.sec.gov/Archives/edgar/data/943452/000119312514153700/,"2.02,7.01,9.01"
10-Q,2014-05-01,2014-03-31,943452,0001564590-14-001692,wab-10q_20140331.htm,https://www.sec.gov/Archives/edgar/data/943452/000156459014001692/,
8-K,2014-07-24,2014-07-24,943452,0001193125-14-278029,d763103d8k.htm,https://www.sec.gov/Archives/edgar/data/943452/000119312514278029/,"2.02,7.01,9.01"
10-Q,2014-07-31,2014-06-30,943452,0001564590-14-003020,wab-10q_20140630.htm,https://www.sec.gov/Archives/edgar/data/943452/000156459014003020/,
8-K,2014-10-28,2014-10-28,943452,0001193125-14-384258,d808493d8k.htm,https://www.sec.gov/Archives/edgar/data/943452/000119312514384258/,"2.02,7.01,9.01"
10-Q,2014-10-30,2014-09-30,943452,0001564590-14-004721,wab-10q_20140930.htm,https://www.sec.gov/Archives/edgar/data/943452/000156459014004721/,
8-K,2015-02-18,2015-02-18,943452,0001193125-15-051636,d876052d8k.htm,https://www.sec.gov/Archives/edgar/data/943452/000119312515051636/,"2.02,7.01,9.01"
10-K,2015-02-20,2014-12-31,943452,0001564590-15-000794,wab-10k_20141231.htm,https://www.sec.gov/Archives/edgar/data/943452/000156459015000794/,
8-K,2015-04-22,2015-04-22,943452,0001193125-15-141089,d913801d8k.htm,https://www.sec.gov/Archives/edgar/data/943452/000119312515141089/,"2.02,7.01,9.01"
10-Q,2015-04-30,2015-03-31,943452,0001564590-15-003068,wab-10q_20150331.htm,https://www.sec.gov/Archives/edgar/data/943452/000156459015003068/,
8-K,2015-07-23,2015-07-23,943452,0001193125-15-260646,d54723d8k.htm,https://www.sec.gov/Archives/edgar/data/943452/000119312515260646/,"2.02,7.01,9.01"
10-Q,2015-07-30,2015-06-30,943452,0001564590-15-005849,wab-10q_20150630.htm,https://www.sec.gov/Archives/edgar/data/943452/000156459015005849/,
8-K,2015-10-22,2015-10-22,943452,0001193125-15-350056,d36298d8k.htm,https://www.sec.gov/Archives/edgar/data/943452/000119312515350056/,"2.02,7.01,9.01"
10-Q,2015-10-29,2015-09-30,943452,0001628280-15-008000,wab-20150930x10q.htm,https://www.sec.gov/Archives/edgar/data/943452/000162828015008000/,
8-K,2016-02-18,2016-02-18,943452,0001193125-16-467700,d143367d8k.htm,https://www.sec.gov/Archives/edgar/data/943452/000119312516467700/,"2.02,7.01,9.01"
10-K,2016-02-19,2015-12-31,943452,0001628280-16-011421,wab1231201510k.htm,https://www.sec.gov/Archives/edgar/data/943452/000162828016011421/,
8-K,2016-04-26,2016-04-26,943452,0001193125-16-555148,d127822d8k.htm,https://www.sec.gov/Archives/edgar/data/943452/000119312516555148/,"2.02,7.01,9.01"
10-Q,2016-04-28,2016-03-31,943452,0001628280-16-014887,wab-20160331x10q.htm,https://www.sec.gov/Archives/edgar/data/943452/000162828016014887/,
8-K,2016-07-25,2016-07-25,943452,0001193125-16-655934,d227325d8k.htm,https://www.sec.gov/Archives/edgar/data/943452/000119312516655934/,"2.02,7.01,9.01"
10-Q,2016-07-28,2016-06-30,943452,0001628280-16-017885,wab-20160630x10q.htm,https://www.sec.gov/Archives/edgar/data/943452/000162828016017885/,
8-K,2016-10-25,2016-10-25,943452,0001193125-16-745825,d247702d8k.htm,https://www.sec.gov/Archives/edgar/data/943452/000119312516745825/,"2.02,7.01,8.01,9.01"
10-Q,2016-11-07,2016-09-30,943452,0001628280-16-020920,wab-20160930x10q.htm,https://www.sec.gov/Archives/edgar/data/943452/000162828016020920/,
8-K,2017-02-21,2017-02-21,943452,0001193125-17-049335,d332512d8k.htm,https://www.sec.gov/Archives/edgar/data/943452/000119312517049335/,"2.02,7.01,9.01"
10-K,2017-02-28,2016-12-31,943452,0001628280-17-001863,wab1231201610k.htm,https://www.sec.gov/Archives/edgar/data/943452/000162828017001863/,
8-K,2017-04-25,2017-04-25,943452,0001193125-17-135717,d381243d8k.htm,https://www.sec.gov/Archives/edgar/data/943452/000119312517135717/,"2.02,7.01,9.01"
10-Q,2017-05-04,2017-03-31,943452,0001628280-17-004956,wab-20170331x10q.htm,https://www.sec.gov/Archives/edgar/data/943452/000162828017004956/,
8-K,2017-07-25,2017-07-25,943452,0001193125-17-234425,d415042d8k.htm,https://www.sec.gov/Archives/edgar/data/943452/000119312517234425/,"2.02,7.01,9.01"
10-Q,2017-08-03,2017-07-01,943452,0001628280-17-007925,wab-20170630x10q.htm,https://www.sec.gov/Archives/edgar/data/943452/000162828017007925/,
8-K,2017-10-24,2017-10-24,943452,0001193125-17-317391,d470317d8k.htm,https://www.sec.gov/Archives/edgar/data/943452/000119312517317391/,"2.02,7.01,9.01"
10-Q,2017-11-01,2017-09-30,943452,0001628280-17-010480,wab-20170930x10q.htm,https://www.sec.gov/Archives/edgar/data/943452/000162828017010480/,
8-K,2018-02-02,2018-02-02,943452,0001193125-18-029953,d530207d8k.htm,https://www.sec.gov/Archives/edgar/data/943452/000119312518029953/,"2.02,9.01"
8-K,2018-02-20,2018-02-20,943452,0001193125-18-049642,d517510d8k.htm,https://www.sec.gov/Archives/edgar/data/943452/000119312518049642/,"2.02,7.01,9.01"
10-K,2018-02-26,2017-12-31,943452,0001628280-18-002245,wab1231201710k.htm,https://www.sec.gov/Archives/edgar/data/943452/000162828018002245/,
8-K,2018-04-24,2018-04-24,943452,0001193125-18-127770,d559648d8k.htm,https://www.sec.gov/Archives/edgar/data/943452/000119312518127770/,"2.02,7.01,9.01"
10-Q,2018-05-04,2018-03-31,943452,0001628280-18-005984,wab-20180331x10q.htm,https://www.sec.gov/Archives/edgar/data/943452/000162828018005984/,
8-K,2018-07-24,2018-07-24,943452,0001193125-18-224227,d550631d8k.htm,https://www.sec.gov/Archives/edgar/data/943452/000119312518224227/,"2.02,7.01,9.01"
10-Q,2018-07-31,2018-06-30,943452,0001628280-18-009841,wab-20180630x10q.htm,https://www.sec.gov/Archives/edgar/data/943452/000162828018009841/,
10-Q,2018-10-30,2018-09-30,943452,0001628280-18-013088,wab-20180930x10q.htm,https://www.sec.gov/Archives/edgar/data/943452/000162828018013088/,
8-K,2018-10-30,2018-10-30,943452,0001193125-18-311289,d645245d8k.htm,https://www.sec.gov/Archives/edgar/data/943452/000119312518311289/,"2.02,7.01,9.01"
8-K,2019-02-25,2019-02-25,943452,0001140361-19-003727,s002675x2_8k.htm,https://www.sec.gov/Archives/edgar/data/943452/000114036119003727/,"2.02,7.01,9.01"
10-K,2019-02-27,2018-12-31,943452,0001628280-19-002095,wab1231201810k.htm,https://www.sec.gov/Archives/edgar/data/943452/000162828019002095/,
8-K,2019-04-25,2019-04-25,943452,0001193125-19-118052,d737224d8k.htm,https://www.sec.gov/Archives/edgar/data/943452/000119312519118052/,"2.02,7.01,9.01"
10-Q,2019-05-09,2019-03-31,943452,0001628280-19-006382,wab-20190331x10q.htm,https://www.sec.gov/Archives/edgar/data/943452/000162828019006382/,
8-K,2019-07-30,2018-07-30,943452,0001193125-19-206147,d783843d8k.htm,https://www.sec.gov/Archives/edgar/data/943452/000119312519206147/,"2.02,7.01,9.01"
10-Q,2019-08-01,2019-06-30,943452,0001628280-19-009750,wab-20190630x10q.htm,https://www.sec.gov/Archives/edgar/data/943452/000162828019009750/,
8-K,2019-10-31,2019-10-31,943452,0001193125-19-279575,d805283d8k.htm,https://www.sec.gov/Archives/edgar/data/943452/000119312519279575/,"2.02,7.01,9.01"
10-Q,2019-11-01,2019-09-30,943452,0001628280-19-013038,wab-20190930x10q.htm,https://www.sec.gov/Archives/edgar/data/943452/000162828019013038/,
8-K,2020-02-18,2020-02-18,943452,0001193125-20-039526,d885843d8k.htm,https://www.sec.gov/Archives/edgar/data/943452/000119312520039526/,"2.02,7.01,8.01,9.01"
10-K,2020-02-24,2019-12-31,943452,0001628280-20-002098,wab-20191231.htm,https://www.sec.gov/Archives/edgar/data/943452/000162828020002098/,
8-K,2020-05-04,2020-05-04,943452,0001193125-20-131720,d919435d8k.htm,https://www.sec.gov/Archives/edgar/data/943452/000119312520131720/,"2.02,9.01"
10-Q,2020-05-06,2020-03-31,943452,0001628280-20-006580,wab-20200331.htm,https://www.sec.gov/Archives/edgar/data/943452/000162828020006580/,
8-K,2020-07-28,2020-07-28,943452,0001193125-20-200408,d945252d8k.htm,https://www.sec.gov/Archives/edgar/data/943452/000119312520200408/,"2.02,7.01,9.01"
10-Q,2020-07-29,2020-06-30,943452,0001628280-20-010768,wab-20200630.htm,https://www.sec.gov/Archives/edgar/data/943452/000162828020010768/,
10-Q,2020-10-29,2020-09-30,943452,0001628280-20-015066,wab-20200930.htm,https://www.sec.gov/Archives/edgar/data/943452/000162828020015066/,
8-K,2020-10-29,2020-10-29,943452,0001193125-20-280427,d98806d8k.htm,https://www.sec.gov/Archives/edgar/data/943452/000119312520280427/,"2.02,7.01,9.01"
8-K,2021-02-18,2021-02-18,943452,0001193125-21-047063,d145292d8k.htm,https://www.sec.gov/Archives/edgar/data/943452/000119312521047063/,"2.02,7.01,8.01,9.01"
10-K,2021-02-19,2020-12-31,943452,0001628280-21-002557,wab-20201231.htm,https://www.sec.gov/Archives/edgar/data/943452/000162828021002557/,
10-Q,2021-04-29,2021-03-31,943452,0001628280-21-008066,wab-20210331.htm,https://www.sec.gov/Archives/edgar/data/943452/000162828021008066/,
8-K,2021-04-29,2021-04-29,943452,0001193125-21-138204,d176700d8k.htm,https://www.sec.gov/Archives/edgar/data/943452/000119312521138204/,"2.02,7.01,9.01"
10-Q,2021-07-29,2021-06-30,943452,0001628280-21-014841,wab-20210630.htm,https://www.sec.gov/Archives/edgar/data/943452/000162828021014841/,
8-K,2021-07-29,2021-07-29,943452,0001140361-21-025983,brhc10027316_8k.htm,https://www.sec.gov/Archives/edgar/data/943452/000114036121025983/,"2.02,7.01,9.01"
10-Q,2021-10-27,2021-09-30,943452,0001628280-21-020615,wab-20210930.htm,https://www.sec.gov/Archives/edgar/data/943452/000162828021020615/,
8-K,2021-10-27,2021-10-27,943452,0001628280-21-020568,wab-20211027.htm,https://www.sec.gov/Archives/edgar/data/943452/000162828021020568/,"2.02,7.01"
8-K,2022-02-16,2022-02-16,943452,0001628280-22-002794,wab-20220216.htm,https://www.sec.gov/Archives/edgar/data/943452/000162828022002794/,"2.02,7.01,8.01"
10-K,2022-02-17,2021-12-31,943452,0001628280-22-002997,wab-20211231.htm,https://www.sec.gov/Archives/edgar/data/943452/000162828022002997/,
10-Q,2022-04-27,2022-03-31,943452,0001628280-22-010717,wab-20220331.htm,https://www.sec.gov/Archives/edgar/data/943452/000162828022010717/,
8-K,2022-04-27,2022-04-27,943452,0001628280-22-010674,wab-20220427.htm,https://www.sec.gov/Archives/edgar/data/943452/000162828022010674/,"2.02,7.01,9.01"
10-Q,2022-08-05,2022-06-30,943452,0001628280-22-021268,wab-20220630.htm,https://www.sec.gov/Archives/edgar/data/943452/000162828022021268/,
8-K,2022-08-05,2022-08-05,943452,0001628280-22-021232,wab-20220805.htm,https://www.sec.gov/Archives/edgar/data/943452/000162828022021232/,"2.02,7.01,9.01"
10-Q,2022-11-01,2022-09-30,943452,0001628280-22-027500,wab-20220930.htm,https://www.sec.gov/Archives/edgar/data/943452/000162828022027500/,
8-K,2022-11-01,2022-11-01,943452,0001628280-22-027471,wab-20221101.htm,https://www.sec.gov/Archives/edgar/data/943452/000162828022027471/,"2.02,7.01,9.01"
10-K,2023-02-15,2022-12-31,943452,0001628280-23-003675,wab-20221231.htm,https://www.sec.gov/Archives/edgar/data/943452/000162828023003675/,
8-K,2023-02-15,2023-02-15,943452,0001628280-23-003617,wab-20230215.htm,https://www.sec.gov/Archives/edgar/data/943452/000162828023003617/,"2.02,7.01,9.01"
10-Q,2023-04-26,2023-03-31,943452,0001628280-23-013106,wab-20230331.htm,https://www.sec.gov/Archives/edgar/data/943452/000162828023013106/,
8-K,2023-04-26,2023-04-26,943452,0001628280-23-013053,wab-20230426.htm,https://www.sec.gov/Archives/edgar/data/943452/000162828023013053/,"2.02,7.01,9.01"
10-Q,2023-07-27,2023-06-30,943452,0001628280-23-025856,wab-20230630.htm,https://www.sec.gov/Archives/edgar/data/943452/000162828023025856/,
8-K,2023-07-27,2023-07-27,943452,0001628280-23-025818,wab-20230727.htm,https://www.sec.gov/Archives/edgar/data/943452/000162828023025818/,"2.02,7.01,9.01"
10-Q,2023-10-25,2023-09-30,943452,0001628280-23-035085,wab-20230930.htm,https://www.sec.gov/Archives/edgar/data/943452/000162828023035085/,
8-K,2023-10-25,2023-10-25,943452,0001628280-23-035033,wab-20231025.htm,https://www.sec.gov/Archives/edgar/data/943452/000162828023035033/,"2.02,7.01,9.01"
10-K,2024-02-14,2023-12-31,943452,0001628280-24-004774,wab-20231231.htm,https://www.sec.gov/Archives/edgar/data/943452/000162828024004774/,
8-K,2024-02-14,2024-02-14,943452,0001628280-24-004626,wab-20240214.htm,https://www.sec.gov/Archives/edgar/data/943452/000162828024004626/,"2.02,7.01,9.01"
10-Q,2024-04-24,2024-03-31,943452,0001628280-24-017577,wab-20240331.htm,https://www.sec.gov/Archives/edgar/data/943452/000162828024017577/,
8-K,2024-04-24,2024-04-24,943452,0001628280-24-017522,wab-20240424.htm,https://www.sec.gov/Archives/edgar/data/943452/000162828024017522/,"2.02,7.01,9.01"
10-Q,2024-07-24,2024-06-30,943452,0001628280-24-032762,wab-20240630.htm,https://www.sec.gov/Archives/edgar/data/943452/000162828024032762/,
8-K,2024-07-24,2024-07-24,943452,0001628280-24-032688,wab-20240724.htm,https://www.sec.gov/Archives/edgar/data/943452/000162828024032688/,"2.02,7.01,9.01"
10-Q,2024-10-23,2024-09-30,943452,0001628280-24-043365,wab-20240930.htm,https://www.sec.gov/Archives/edgar/data/943452/000162828024043365/,
8-K,2024-10-23,2024-10-23,943452,0001628280-24-043347,wab-20241023.htm,https://www.sec.gov/Archives/edgar/data/943452/000162828024043347/,"2.02,7.01,9.01"
8-K,2025-01-14,2025-01-13,943452,0001140361-25-001006,ef20041523_8k.htm,https://www.sec.gov/Archives/edgar/data/943452/000114036125001006/,"2.02,7.01,8.01,9.01"
10-K,2025-02-12,2024-12-31,943452,0001628280-25-005100,wab-20241231.htm,https://www.sec.gov/Archives/edgar/data/943452/000162828025005100/,
8-K,2025-02-12,2025-02-12,943452,0001628280-25-005014,wab-20250212.htm,https://www.sec.gov/Archives/edgar/data/943452/000162828025005014/,"2.02,7.01,9.01"
10-Q,2025-04-23,2025-03-31,943452,0001628280-25-019005,wab-20250331.htm,https://www.sec.gov/Archives/edgar/data/943452/000162828025019005/,
8-K,2025-04-23,2025-04-23,943452,0001628280-25-018921,wab-20250423.htm,https://www.sec.gov/Archives/edgar/data/943452/000162828025018921/,"2.02,7.01,9.01"
10-Q,2025-07-24,2025-06-30,943452,0001628280-25-035852,wab-20250630.htm,https://www.sec.gov/Archives/edgar/data/943452/000162828025035852/,
8-K,2025-07-24,2025-07-24,943452,0001628280-25-035831,wab-20250724.htm,https://www.sec.gov/Archives/edgar/data/943452/000162828025035831/,"2.02,7.01,9.01"
10-Q,2025-10-22,2025-09-30,943452,0001628280-25-045790,wab-20250930.htm,https://www.sec.gov/Archives/edgar/data/943452/000162828025045790/,
8-K,2025-10-22,2025-10-22,943452,0001628280-25-045773,wab-20251022.htm,https://www.sec.gov/Archives/edgar/data/943452/000162828025045773/,"2.02,7.01,9.01"
8-K,2026-02-11,2026-02-11,943452,0001628280-26-007113,wab-20260211.htm,https://www.sec.gov/Archives/edgar/data/943452/000162828026007113/,"2.02,7.01,9.01"
10-K,2026-02-13,2025-12-31,943452,0001628280-26-008067,wab-20251231.htm,https://www.sec.gov/Archives/edgar/data/943452/000162828026008067/,
10-Q,2026-04-22,2026-03-31,943452,0001628280-26-026422,wab-20260331.htm,https://www.sec.gov/Archives/edgar/data/943452/000162828026026422/,
8-K,2026-04-22,2026-04-22,943452,0001628280-26-026384,wab-20260422.htm,https://www.sec.gov/Archives/edgar/data/943452/000162828026026384/,"2.02,7.01,9.01"
10-Q,2026-07-22,2026-06-30,943452,0001628280-26-049139,wab-20260630.htm,https://www.sec.gov/Archives/edgar/data/943452/000162828026049139/,
8-K,2026-07-22,2026-07-22,943452,0001628280-26-049105,wab-20260722.htm,https://www.sec.gov/Archives/edgar/data/943452/000162828026049105/,"2.02,7.01,9.01"
