filing_date,form,accession,items,primary_document,url
2026-08-06,10-Q,0001193125-26-336945,,ck0002000178-20260630.htm,https://www.sec.gov/Archives/edgar/data/2000178/000119312526336945/ck0002000178-20260630.htm
2026-08-06,8-K,0001193125-26-336895,"2.02,9.01",ck0002000178-20260806.htm,https://www.sec.gov/Archives/edgar/data/2000178/000119312526336895/ck0002000178-20260806.htm
2026-06-04,8-K,0001193125-26-256420,5.07,ck0002000178-20260602.htm,https://www.sec.gov/Archives/edgar/data/2000178/000119312526256420/ck0002000178-20260602.htm
2026-05-07,10-Q,0001193125-26-210585,,ck0002000178-20260331.htm,https://www.sec.gov/Archives/edgar/data/2000178/000119312526210585/ck0002000178-20260331.htm
2026-05-07,8-K,0001193125-26-210476,"2.02,9.01",ck0002000178-20260507.htm,https://www.sec.gov/Archives/edgar/data/2000178/000119312526210476/ck0002000178-20260507.htm
2026-03-02,10-K,0002000178-26-000003,,ck0002000178-20251231.htm,https://www.sec.gov/Archives/edgar/data/2000178/000200017826000003/ck0002000178-20251231.htm
2026-02-26,8-K,0001193125-26-073593,2.02,ck0002000178-20260226.htm,https://www.sec.gov/Archives/edgar/data/2000178/000119312526073593/ck0002000178-20260226.htm
2025-12-29,8-K/A,0001193125-25-332703,"1.01,2.01,2.03,7.01,9.01",ck0002000178-20251223.htm,https://www.sec.gov/Archives/edgar/data/2000178/000119312525332703/ck0002000178-20251223.htm
2025-12-29,8-K,0001193125-25-332267,"1.01,2.01,2.03,7.01,9.01",ck0002000178-20251223.htm,https://www.sec.gov/Archives/edgar/data/2000178/000119312525332267/ck0002000178-20251223.htm
2025-12-01,8-K,0001193125-25-303237,8.01,ck0002000178-20251125.htm,https://www.sec.gov/Archives/edgar/data/2000178/000119312525303237/ck0002000178-20251125.htm
2025-11-12,10-Q,0001193125-25-276199,,ck0002000178-20250930.htm,https://www.sec.gov/Archives/edgar/data/2000178/000119312525276199/ck0002000178-20250930.htm
2025-11-12,8-K,0001193125-25-276115,"2.02,9.01",ck0002000178-20251112.htm,https://www.sec.gov/Archives/edgar/data/2000178/000119312525276115/ck0002000178-20251112.htm
2025-08-13,10-Q,0000950170-25-107644,,ck0002000178-20250630.htm,https://www.sec.gov/Archives/edgar/data/2000178/000095017025107644/ck0002000178-20250630.htm
2025-08-13,8-K,0000950170-25-107637,2.02,ck0002000178-20250813.htm,https://www.sec.gov/Archives/edgar/data/2000178/000095017025107637/ck0002000178-20250813.htm
2025-06-05,8-K,0000950170-25-082393,"5.02,5.07,9.01",ck0002000178-20250603.htm,https://www.sec.gov/Archives/edgar/data/2000178/000095017025082393/ck0002000178-20250603.htm
2025-05-19,8-K,0001193125-25-122504,"1.01,8.01,9.01",d876671d8k.htm,https://www.sec.gov/Archives/edgar/data/2000178/000119312525122504/d876671d8k.htm
2025-05-15,424B7,0001193125-25-120938,,d933541d424b7.htm,https://www.sec.gov/Archives/edgar/data/2000178/000119312525120938/d933541d424b7.htm
2025-05-13,424B7,0001193125-25-118806,,d933541d424b7.htm,https://www.sec.gov/Archives/edgar/data/2000178/000119312525118806/d933541d424b7.htm
2025-05-13,10-Q,0000950170-25-069849,,ck0002000178-20250331.htm,https://www.sec.gov/Archives/edgar/data/2000178/000095017025069849/ck0002000178-20250331.htm
2025-05-13,8-K,0000950170-25-069835,"2.02,9.01",ck0002000178-20250513.htm,https://www.sec.gov/Archives/edgar/data/2000178/000095017025069835/ck0002000178-20250513.htm
2025-03-31,10-K,0000950170-25-047242,,ck0002000178-20241231.htm,https://www.sec.gov/Archives/edgar/data/2000178/000095017025047242/ck0002000178-20241231.htm
2025-03-31,8-K,0000950170-25-047232,2.02,ck0002000178-20250331.htm,https://www.sec.gov/Archives/edgar/data/2000178/000095017025047232/ck0002000178-20250331.htm
2025-03-07,8-K,0000950170-25-035692,"1.01,9.01",ck0002000178-20250307.htm,https://www.sec.gov/Archives/edgar/data/2000178/000095017025035692/ck0002000178-20250307.htm
2025-02-25,8-K/A,0001193125-25-035149,9.01,d925976d8ka.htm,https://www.sec.gov/Archives/edgar/data/2000178/000119312525035149/d925976d8ka.htm
2025-02-21,8-K,0001193125-25-030870,"1.01,2.02,2.03,9.01",d921315d8k.htm,https://www.sec.gov/Archives/edgar/data/2000178/000119312525030870/d921315d8k.htm
2024-12-12,424B4,0001193125-24-276172,,d869363d424b4.htm,https://www.sec.gov/Archives/edgar/data/2000178/000119312524276172/d869363d424b4.htm
2024-12-09,S-1,0001193125-24-272807,,d869363ds1.htm,https://www.sec.gov/Archives/edgar/data/2000178/000119312524272807/d869363ds1.htm
2024-11-13,10-Q,0000950170-24-126401,,ck0002000178-20240930.htm,https://www.sec.gov/Archives/edgar/data/2000178/000095017024126401/ck0002000178-20240930.htm
2024-11-13,8-K,0000950170-24-125956,"2.02,9.01",ck0002000178-20241113.htm,https://www.sec.gov/Archives/edgar/data/2000178/000095017024125956/ck0002000178-20241113.htm
2024-10-10,8-K/A,0000950170-24-114094,9.01,ck0002000178-20240826.htm,https://www.sec.gov/Archives/edgar/data/2000178/000095017024114094/ck0002000178-20240826.htm
2024-08-26,8-K,0000950170-24-100566,"1.01,2.01,2.03,7.01,9.01",ck0002000178-20240826.htm,https://www.sec.gov/Archives/edgar/data/2000178/000095017024100566/ck0002000178-20240826.htm
2024-08-13,10-Q,0000950170-24-096339,,ck0002000178-20240630.htm,https://www.sec.gov/Archives/edgar/data/2000178/000095017024096339/ck0002000178-20240630.htm
2024-08-13,8-K,0000950170-24-095767,"2.02,9.01",ck0002000178-20240813.htm,https://www.sec.gov/Archives/edgar/data/2000178/000095017024095767/ck0002000178-20240813.htm
2024-07-22,8-K,0001193125-24-181927,"1.01,2.03,7.01,9.01",d841700d8k.htm,https://www.sec.gov/Archives/edgar/data/2000178/000119312524181927/d841700d8k.htm
2024-05-15,8-K,0001193125-24-139480,"1.01,2.03,9.01",d742835d8k.htm,https://www.sec.gov/Archives/edgar/data/2000178/000119312524139480/d742835d8k.htm
2024-05-14,10-Q,0000950170-24-059554,,ck0002000178-20240331.htm,https://www.sec.gov/Archives/edgar/data/2000178/000095017024059554/ck0002000178-20240331.htm
2024-05-14,8-K,0001193125-24-137744,"2.02,9.01",d759018d8k.htm,https://www.sec.gov/Archives/edgar/data/2000178/000119312524137744/d759018d8k.htm
2024-05-03,8-K,0001193125-24-130858,"1.01,5.02,8.01,9.01",d827971d8k.htm,https://www.sec.gov/Archives/edgar/data/2000178/000119312524130858/d827971d8k.htm
2024-04-26,424B4,0001193125-24-118106,,d551112d424b4.htm,https://www.sec.gov/Archives/edgar/data/2000178/000119312524118106/d551112d424b4.htm
2024-04-02,S-1,0001193125-24-084921,,d551112ds1.htm,https://www.sec.gov/Archives/edgar/data/2000178/000119312524084921/d551112ds1.htm
