filing_date,form,accession,description,documents,url
2026-09-22,6-K,0001858985-26-000021,6-K,exhibit991oninvestorday202.htm;form6-kxinvestordaypressre.htm,https://www.sec.gov/Archives/edgar/data/1858985/000185898526000021/form6-kxinvestordaypressre.htm
2026-08-11,6-K,0001858985-26-000018,6-K,a26q2-ex993xpressrelease.htm;a26q2-exhibit992xmda.htm;onholdingag-20260630.htm;onholdingag-20260630_d2.htm,https://www.sec.gov/Archives/edgar/data/1858985/000185898526000018/onholdingag-20260630.htm
2026-05-28,6-K,0000950103-26-007952,FORM 6-K,dp246675_6k.htm;dp246675_ex9901.htm,https://www.sec.gov/Archives/edgar/data/1858985/000095010326007952/dp246675_6k.htm
2026-05-12,6-K,0001858985-26-000014,6-K_Q1_2026,a26q1-ex991xpressrelease.htm;a26q1-exhibit992xmda.htm;a26q1-form6xk.htm,https://www.sec.gov/Archives/edgar/data/1858985/000185898526000014/a26q1-form6xk.htm
2026-04-17,6-K,0000950103-26-005884,FORM 6-K,dp245359_6k.htm;dp245359_ex9901.htm;dp245359_ex9902.htm;dp245359_ex9903.htm;dp245359_ex9904.htm,https://www.sec.gov/Archives/edgar/data/1858985/000095010326005884/dp245359_6k.htm
2026-03-25,6-K,0000950103-26-004606,FORM 6-K,dp244091_6k.htm;dp244091_ex9901.htm;dp244091_ex9902.htm,https://www.sec.gov/Archives/edgar/data/1858985/000095010326004606/dp244091_6k.htm
2026-03-03,6-K,0001858985-26-000010,6-K_FY25,a6-k_fy25.htm;ex991pressreleasedatedmarc.htm;ex992_compensationreport.htm;ex993_annualreportxfy202.htm,https://www.sec.gov/Archives/edgar/data/1858985/000185898526000010/a6-k_fy25.htm
2026-03-03,20-F,0001858985-26-000008,20-F,exhibit11_onholdingag-ar.htm;exhibit121_302certificatio.htm;exhibit131_906certificatio.htm;exhibit151_pricewaterhouse.htm;exhibit21_descriptionofsec.htm;exhibit414_amendment2025.htm;exhibit81_exhibit81subsidi.htm;onholdingag-20251231.htm,https://www.sec.gov/Archives/edgar/data/1858985/000185898526000008/onholdingag-20251231.htm
2026-01-28,6-K,0001858985-26-000003,6-K,exhibit991_pressrelease.htm;form6-k.htm,https://www.sec.gov/Archives/edgar/data/1858985/000185898526000003/form6-k.htm
2025-11-12,6-K,0001858985-25-000015,6-K_Q3_2025,a25q3-ex991xpressrelease.htm;a25q3-ex993xarticlesofas.htm;a25q3-exhibit992xmda.htm;a25q3-form6xk.htm,https://www.sec.gov/Archives/edgar/data/1858985/000185898525000015/a25q3-form6xk.htm
2025-08-12,6-K,0001858985-25-000012,6-K,a25q2-ex993xpressrelease.htm;a25q2-exhibit992xmda.htm;onholdingag-20250630.htm;onholdingag-20250630_d2.htm,https://www.sec.gov/Archives/edgar/data/1858985/000185898525000012/onholdingag-20250630.htm
2025-05-23,6-K,0000950103-25-006381,FORM 6-K,dp229166_6k.htm;dp229166_ex9901.htm;dp229166_ex9902.htm,https://www.sec.gov/Archives/edgar/data/1858985/000095010325006381/dp229166_6k.htm
2025-05-13,6-K,0001858985-25-000008,6-K_Q1_2025,a25q1-ex991xpressrelease.htm;a25q1-exhibit992xmda.htm;a25q1-form6xk.htm,https://www.sec.gov/Archives/edgar/data/1858985/000185898525000008/a25q1-form6xk.htm
2025-04-10,6-K,0000950103-25-004682,FORM 6-K,dp227390_6k.htm;dp227390_ex9901.htm;dp227390_ex9902.htm;dp227390_ex9903.htm;dp227390_ex9904.htm,https://www.sec.gov/Archives/edgar/data/1858985/000095010325004682/dp227390_6k.htm
2025-04-01,6-K,0000950103-25-004152,FORM 6-K,dp226991_6k.htm;dp226991_ex9901.htm,https://www.sec.gov/Archives/edgar/data/1858985/000095010325004152/dp226991_6k.htm
2025-03-04,6-K,0001858985-25-000005,6-K_FY24,a6-k_fy24.htm;ex991pressreleasedatedmarc.htm;ex993_annualreportxfy202.htm;exhibit992_compensationr.htm,https://www.sec.gov/Archives/edgar/data/1858985/000185898525000005/a6-k_fy24.htm
2025-03-04,20-F,0001858985-25-000003,"20-F_DECEMBER 31, 2024",exhibit121_302certificatio.htm;exhibit122_302certificatio.htm;exhibit131_906certificatio.htm;exhibit151_pricewaterhouse.htm;exhibit191insidertrading.htm;exhibit21_descriptionofsec.htm;exhibit413_chf700000000m.htm;exhibit81_exhibit81subsidi.htm;exhibit971_onholdingagfina.htm;onholdingag-20241231.htm,https://www.sec.gov/Archives/edgar/data/1858985/000185898525000003/onholdingag-20241231.htm
2024-11-12,6-K,0001858985-24-000029,6-K_Q3_2024,a24q3-ex991xpressrelease.htm;a24q3-exhibit992xmda.htm;a24q3-form6xk.htm;onholdingag-articlesofas.htm,https://www.sec.gov/Archives/edgar/data/1858985/000185898524000029/a24q3-form6xk.htm
2024-08-13,6-K,0001858985-24-000024,6-K_Q2_2024,a24q2-ex993xpressrelease.htm;a24q2-exhibit992xmda.htm;onholdingag-20240630.htm;onholdingag-20240630_d2.htm,https://www.sec.gov/Archives/edgar/data/1858985/000185898524000024/onholdingag-20240630_d2.htm
2024-05-23,6-K,0000950103-24-007058,FORM 6-K,dp211573_6k.htm;dp211573_ex9901.htm,https://www.sec.gov/Archives/edgar/data/1858985/000095010324007058/dp211573_6k.htm
2024-05-14,6-K,0001858985-24-000020,6-K_Q1'24,a24q1-ex991xpressrelease.htm;a24q1-exhibit992xmda.htm;a24q1-form6xk.htm,https://www.sec.gov/Archives/edgar/data/1858985/000185898524000020/a24q1-form6xk.htm
2024-03-28,6-K,0000950103-24-004589,FORM 6-K,dp209089_6k.htm;dp209089_ex9901.htm;dp209089_ex9902.htm;dp209089_ex9903.htm;dp209089_ex9904.htm,https://www.sec.gov/Archives/edgar/data/1858985/000095010324004589/dp209089_6k.htm
2024-03-12,6-K,0001858985-24-000014,6-K_FY23,a6-k_fy23.htm;ex991pressreleasedatedmarc.htm;ex992_fy23xcompensationr.htm;ex993_annualreportxfy202.htm,https://www.sec.gov/Archives/edgar/data/1858985/000185898524000014/a6-k_fy23.htm
2024-03-12,20-F,0001858985-24-000012,"FORM 20-F_DECEMBER 31, 2023",exhibit121_302certificatio.htm;exhibit122_302certificatio.htm;exhibit131_906certificatio.htm;exhibit151_pricewaterhouse.htm;exhibit21_descriptionofsec.htm;exhibit419_chf700000000m.htm;exhibit81_exhibit81subsidi.htm;exhibit971_onholdingagfina.htm;onholdingag-20231231.htm,https://www.sec.gov/Archives/edgar/data/1858985/000185898524000012/onholdingag-20231231.htm
2023-11-14,6-K,0001858985-23-000052,6-K,a23q3-ex991xpressrelease.htm;a23q3-exhibit992xmda.htm;a23q3-form6xk.htm,https://www.sec.gov/Archives/edgar/data/1858985/000185898523000052/a23q3-form6xk.htm
2023-10-05,6-K,0001858985-23-000048,6-K - INVESTOR DAY PRESENTATION,form6-kxinvestordaypresent.htm;ononinvestorday2023.htm,https://www.sec.gov/Archives/edgar/data/1858985/000185898523000048/form6-kxinvestordaypresent.htm
2023-10-04,6-K,0001858985-23-000045,6-K_ON ANNOUNCES ITS THREE YEAR FINANCIAL OUTLOOK AT INVESTOR DAY MEETING,form6-kxinvestorday.htm;oninvestorday2023-pressrel.htm,https://www.sec.gov/Archives/edgar/data/1858985/000185898523000045/form6-kxinvestorday.htm
2023-08-15,6-K,0001858985-23-000042,6-K_Q2_2023,a23q2-ex993xpressrelease.htm;a23q2-exhibit992xmda.htm;onholdingag-20230630.htm;onholdingag-20230630_d2.htm,https://www.sec.gov/Archives/edgar/data/1858985/000185898523000042/onholdingag-20230630_d2.htm
2023-07-10,6-K,0001858985-23-000038,6-K_ON ENTERS INTO CREDIT FACILITY AGREEMENT,form6-kxcreditfalicityagre.htm,https://www.sec.gov/Archives/edgar/data/1858985/000185898523000038/form6-kxcreditfalicityagre.htm
2023-05-26,6-K,0000950103-23-007959,FORM 6-K,dp194441_6k.htm;dp194441_ex9901.htm,https://www.sec.gov/Archives/edgar/data/1858985/000095010323007959/dp194441_6k.htm
2023-05-16,6-K,0001858985-23-000034,6-K_Q1_2023_OPERATING RESULTS,a23q1-ex991xpressrelease.htm;a23q1-exhibit992xmda.htm;a23q1-form6xk.htm,https://www.sec.gov/Archives/edgar/data/1858985/000185898523000034/a23q1-form6xk.htm
2023-05-02,6-K,0001858985-23-000026,6-K_PRESS RELEASE,exhibit991-pressrelease.htm;form6-kxannounceq123releas.htm,https://www.sec.gov/Archives/edgar/data/1858985/000185898523000026/form6-kxannounceq123releas.htm
2023-03-28,6-K,0000950103-23-004817,FORM 6-K,dp191341_6k.htm;dp191341_ex9901.htm;dp191341_ex9902.htm;dp191341_ex9903.htm;dp191341_ex9904.htm,https://www.sec.gov/Archives/edgar/data/1858985/000095010323004817/dp191341_6k.htm
2023-03-21,6-K,0001858985-23-000021,6-K,a2022annualreport_pdx.htm;a6-kfy22_annualreport.htm,https://www.sec.gov/Archives/edgar/data/1858985/000185898523000021/a6-kfy22_annualreport.htm
2023-03-21,6-K,0001858985-23-000015,6-K,a6-kfy22.htm;a991pressreleasedatedmarch.htm;exhibit992_2022xcompensa.htm,https://www.sec.gov/Archives/edgar/data/1858985/000185898523000015/a6-kfy22.htm
2023-03-21,20-F,0001858985-23-000011,"20-F_DECEMBER 31, 2022",exhibit121_302certificatio.htm;exhibit122_302certificatio.htm;exhibit131_906certificatio.htm;exhibit151_pricewaterhouse.htm;exhibit21_descriptionofsec.htm;exhibit418_amendment2023to.htm;exhibit81_exhibit81subsidi.htm;onholdingag-20221231.htm,https://www.sec.gov/Archives/edgar/data/1858985/000185898523000011/onholdingag-20221231.htm
2022-12-16,6-K/A,0001858985-22-000029,6-K/A,onholdingag-20220630.htm;onholdingag-20220630_d2.htm,https://www.sec.gov/Archives/edgar/data/1858985/000185898522000029/onholdingag-20220630_d2.htm
2022-11-16,6-K,0001858985-22-000025,6-K_Q3_2022,a22q3-6xk.htm;a22q3-mda.htm;a22q3-pressrelease.htm,https://www.sec.gov/Archives/edgar/data/1858985/000185898522000025/a22q3-6xk.htm
2022-08-16,6-K,0001858985-22-000020,6-K_Q2_2022,a22q2-mda.htm;a22q2-pressrelease.htm;a22q2-unauditedcondensedin.htm;a6-k22q2.htm,https://www.sec.gov/Archives/edgar/data/1858985/000185898522000020/a6-k22q2.htm
2022-05-25,6-K,0000950103-22-009179,FORM 6-K,dp173852_6k.htm;dp173852_ex9901.htm;dp173852_ex9902.htm,https://www.sec.gov/Archives/edgar/data/1858985/000095010322009179/dp173852_6k.htm
2022-05-17,6-K,0001858985-22-000016,FORM 6-K_Q1_2022,a22q1-mda.htm;a22q1-pressrelease.htm;a6-k22q1.htm,https://www.sec.gov/Archives/edgar/data/1858985/000185898522000016/a6-k22q1.htm
2022-04-11,6-K,0000950103-22-006273,FORM 6-K,dp170864_6k.htm;dp170864_ex9901.htm;dp170864_ex9902.htm;dp170864_ex9903.htm;dp170864_ex9904.htm;dp170864_ex9905.htm;dp170864_ex9906.htm;dp170864_ex9907.htm,https://www.sec.gov/Archives/edgar/data/1858985/000095010322006273/dp170864_6k.htm
2022-03-18,6-K,0001858985-22-000008,"6-K_FY 2021 AND Q4 RESULTS, AND FORM 20-F FILING ANNOUNCEMENT",a6-kfy21.htm;a991pressreleasedatedmarch.htm,https://www.sec.gov/Archives/edgar/data/1858985/000185898522000008/a6-kfy21.htm
2022-03-18,20-F,0001858985-22-000006,20-F,exhibit121.htm;exhibit122.htm;exhibit131.htm;exhibit151.htm;exhibit21.htm;exhibit81.htm;onholdingag-20211231.htm,https://www.sec.gov/Archives/edgar/data/1858985/000185898522000006/onholdingag-20211231.htm
2021-11-16,6-K,0001858985-21-000004,6-K,a6-k21q3.htm;a991pressreleasedatednovem.htm;a992managementsdiscussiona.htm,https://www.sec.gov/Archives/edgar/data/1858985/000185898521000004/a6-k21q3.htm
2021-09-20,6-K,0000950103-21-014179,FORM 6-K,dp158039_6k.htm;dp158039_ex9901.htm,https://www.sec.gov/Archives/edgar/data/1858985/000095010321014179/dp158039_6k.htm
2021-09-16,424B4,0001193125-21-275158,424B4,d175570d424b4.htm,https://www.sec.gov/Archives/edgar/data/1858985/000119312521275158/d175570d424b4.htm
2021-08-23,F-1,0001193125-21-253415,F-1,d175570dex101.htm;d175570dex1010.htm;d175570dex1011.htm;d175570dex1012.htm;d175570dex1013.htm;d175570dex1015.htm;d175570dex1016.htm;d175570dex102.htm;d175570dex103.htm;d175570dex104.htm;d175570dex105.htm;d175570dex106.htm;d175570dex107.htm;d175570dex108.htm;d175570dex109.htm;d175570dex211.htm;d175570dex231.htm;d175570dex31.htm;d175570dex51.htm;d175570dex991.htm;d175570df1.htm,https://www.sec.gov/Archives/edgar/data/1858985/000119312521253415/d175570df1.htm
