filing_date,form,accession,items,period_of_report,primary_document,url
2026-08-03,8-K,0001193125-26-330652,"5.02,7.01,8.01,9.01",2026-07-31,d161342d8k.htm,https://www.sec.gov/Archives/edgar/data/313616/000119312526330652/d161342d8k.htm
2026-07-21,8-K,0000313616-26-000163,"2.02,9.01",2026-07-21,dhr-20260721.htm,https://www.sec.gov/Archives/edgar/data/313616/000031361626000163/dhr-20260721.htm
2026-07-21,10-Q,0000313616-26-000161,,2026-06-26,dhr-20260626.htm,https://www.sec.gov/Archives/edgar/data/313616/000031361626000161/dhr-20260626.htm
2026-06-03,8-K,0001193125-26-255555,"2.03,8.01",2026-06-03,d63873d8k.htm,https://www.sec.gov/Archives/edgar/data/313616/000119312526255555/d63873d8k.htm
2026-04-29,8-K,0001193125-26-191608,"1.01,8.01,9.01",2026-04-22,d107133d8k.htm,https://www.sec.gov/Archives/edgar/data/313616/000119312526191608/d107133d8k.htm
2026-04-21,8-K,0000313616-26-000109,"2.02,9.01",2026-04-21,dhr-20260421.htm,https://www.sec.gov/Archives/edgar/data/313616/000031361626000109/dhr-20260421.htm
2026-04-21,10-Q,0000313616-26-000107,,2026-03-27,dhr-20260327.htm,https://www.sec.gov/Archives/edgar/data/313616/000031361626000107/dhr-20260327.htm
2026-04-17,8-K,0001193125-26-160383,"1.01,2.03,9.01",2026-04-16,d56203d8k.htm,https://www.sec.gov/Archives/edgar/data/313616/000119312526160383/d56203d8k.htm
2026-02-24,10-K,0000313616-26-000062,,2025-12-31,dhr-20251231.htm,https://www.sec.gov/Archives/edgar/data/313616/000031361626000062/dhr-20251231.htm
2026-02-17,8-K,0001193125-26-053124,"8.01,9.01",2026-02-16,d110495d8k.htm,https://www.sec.gov/Archives/edgar/data/313616/000119312526053124/d110495d8k.htm
2026-01-28,8-K,0000313616-26-000004,"2.02,9.01",2026-01-28,dhr-20260128.htm,https://www.sec.gov/Archives/edgar/data/313616/000031361626000004/dhr-20260128.htm
2026-01-12,8-K,0000313616-26-000002,"2.02,9.01",2026-01-12,dhr-20260112.htm,https://www.sec.gov/Archives/edgar/data/313616/000031361626000002/dhr-20260112.htm
2025-10-21,10-Q,0000313616-25-000182,,2025-09-26,dhr-20250926.htm,https://www.sec.gov/Archives/edgar/data/313616/000031361625000182/dhr-20250926.htm
2025-10-21,8-K,0000313616-25-000180,"2.02,9.01",2025-10-21,dhr-20251021.htm,https://www.sec.gov/Archives/edgar/data/313616/000031361625000180/dhr-20251021.htm
2025-09-10,8-K,0000313616-25-000178,"5.03,8.01,9.01",2025-09-09,dhr-20250909.htm,https://www.sec.gov/Archives/edgar/data/313616/000031361625000178/dhr-20250909.htm
2025-07-22,10-Q,0000313616-25-000153,,2025-06-27,dhr-20250627.htm,https://www.sec.gov/Archives/edgar/data/313616/000031361625000153/dhr-20250627.htm
2025-07-22,8-K,0000313616-25-000152,"2.02,9.01",2025-07-22,dhr-20250722.htm,https://www.sec.gov/Archives/edgar/data/313616/000031361625000152/dhr-20250722.htm
2025-04-22,8-K,0000313616-25-000090,"2.02,9.01",2025-04-22,dhr-20250422.htm,https://www.sec.gov/Archives/edgar/data/313616/000031361625000090/dhr-20250422.htm
2025-04-22,10-Q,0000313616-25-000088,,2025-03-28,dhr-20250328.htm,https://www.sec.gov/Archives/edgar/data/313616/000031361625000088/dhr-20250328.htm
2025-02-20,10-K,0000313616-25-000043,,2024-12-31,dhr-20241231.htm,https://www.sec.gov/Archives/edgar/data/313616/000031361625000043/dhr-20241231.htm
2025-01-29,8-K,0000313616-25-000004,"2.02,9.01",2025-01-29,dhr-20250129.htm,https://www.sec.gov/Archives/edgar/data/313616/000031361625000004/dhr-20250129.htm
2025-01-13,8-K,0000313616-25-000002,"2.02,9.01",2025-01-13,dhr-20250113.htm,https://www.sec.gov/Archives/edgar/data/313616/000031361625000002/dhr-20250113.htm
2024-10-22,8-K,0000313616-24-000223,"2.02,9.01",2024-10-22,dhr-20241022.htm,https://www.sec.gov/Archives/edgar/data/313616/000031361624000223/dhr-20241022.htm
2024-10-22,10-Q,0000313616-24-000220,,2024-09-27,dhr-20240927.htm,https://www.sec.gov/Archives/edgar/data/313616/000031361624000220/dhr-20240927.htm
2024-07-23,8-K,0000313616-24-000188,"2.02,9.01",2024-07-23,dhr-20240723.htm,https://www.sec.gov/Archives/edgar/data/313616/000031361624000188/dhr-20240723.htm
2024-07-23,10-Q,0000313616-24-000186,,2024-06-28,dhr-20240628.htm,https://www.sec.gov/Archives/edgar/data/313616/000031361624000186/dhr-20240628.htm
2024-04-23,8-K,0000313616-24-000106,"2.02,9.01",2024-04-23,dhr-20240423.htm,https://www.sec.gov/Archives/edgar/data/313616/000031361624000106/dhr-20240423.htm
2024-04-23,10-Q,0000313616-24-000102,,2024-03-29,dhr-20240329.htm,https://www.sec.gov/Archives/edgar/data/313616/000031361624000102/dhr-20240329.htm
2024-02-21,10-K,0000313616-24-000052,,2023-12-31,dhr-20231231.htm,https://www.sec.gov/Archives/edgar/data/313616/000031361624000052/dhr-20231231.htm
2024-01-30,8-K,0000313616-24-000006,"2.02,9.01",2024-01-30,dhr-20240130.htm,https://www.sec.gov/Archives/edgar/data/313616/000031361624000006/dhr-20240130.htm
2024-01-08,8-K,0000313616-24-000004,"2.02,9.01",2024-01-08,dhr-20240108.htm,https://www.sec.gov/Archives/edgar/data/313616/000031361624000004/dhr-20240108.htm
2023-10-24,8-K,0000313616-23-000258,"2.02,9.01",2023-10-24,dhr-20231024.htm,https://www.sec.gov/Archives/edgar/data/313616/000031361623000258/dhr-20231024.htm
2023-10-24,10-Q,0000313616-23-000256,,2023-09-29,dhr-20230929.htm,https://www.sec.gov/Archives/edgar/data/313616/000031361623000256/dhr-20230929.htm
2023-10-02,8-K,0000313616-23-000252,"1.01,5.02,8.01,9.01",2023-09-29,dhr-20230929.htm,https://www.sec.gov/Archives/edgar/data/313616/000031361623000252/dhr-20230929.htm
2023-09-19,8-K,0001140361-23-044482,"1.01,9.01",2023-09-18,ef20010872_8k.htm,https://www.sec.gov/Archives/edgar/data/313616/000114036123044482/ef20010872_8k.htm
2023-09-12,8-K,0001140361-23-043697,8.01,2023-09-11,ef2001057_8k.htm,https://www.sec.gov/Archives/edgar/data/313616/000114036123043697/ef2001057_8k.htm
2023-08-31,8-K,0000313616-23-000250,"1.01,2.03,9.01",2023-08-31,dhr-20230831.htm,https://www.sec.gov/Archives/edgar/data/313616/000031361623000250/dhr-20230831.htm
2023-08-15,8-K,0000313616-23-000244,"1.01,2.03,9.01",2023-08-11,dhr-20230811.htm,https://www.sec.gov/Archives/edgar/data/313616/000031361623000244/dhr-20230811.htm
2023-07-25,8-K,0000313616-23-000218,"2.02,9.01",2023-07-25,dhr-20230725.htm,https://www.sec.gov/Archives/edgar/data/313616/000031361623000218/dhr-20230725.htm
2023-07-25,10-Q,0000313616-23-000214,,2023-06-30,dhr-20230630.htm,https://www.sec.gov/Archives/edgar/data/313616/000031361623000214/dhr-20230630.htm
2023-05-11,8-K,0000313616-23-000175,"2.02,5.07,9.01",2023-05-09,dhr-20230509.htm,https://www.sec.gov/Archives/edgar/data/313616/000031361623000175/dhr-20230509.htm
2023-04-25,8-K,0000313616-23-000129,"2.02,9.01",2023-04-25,dhr-20230425.htm,https://www.sec.gov/Archives/edgar/data/313616/000031361623000129/dhr-20230425.htm
2023-04-25,10-Q,0000313616-23-000125,,2023-03-31,dhr-20230331.htm,https://www.sec.gov/Archives/edgar/data/313616/000031361623000125/dhr-20230331.htm
2023-02-22,10-K,0000313616-23-000087,,2022-12-31,dhr-20221231.htm,https://www.sec.gov/Archives/edgar/data/313616/000031361623000087/dhr-20221231.htm
2023-01-24,8-K,0000313616-23-000006,"2.02,9.01",2023-01-24,dhr-20230124.htm,https://www.sec.gov/Archives/edgar/data/313616/000031361623000006/dhr-20230124.htm
2023-01-18,8-K,0000313616-23-000004,"7.01,9.01",2023-01-18,dhr-20230118.htm,https://www.sec.gov/Archives/edgar/data/313616/000031361623000004/dhr-20230118.htm
2023-01-09,8-K,0000313616-23-000002,"2.02,9.01",2023-01-09,dhr-20230109.htm,https://www.sec.gov/Archives/edgar/data/313616/000031361623000002/dhr-20230109.htm
2022-10-20,8-K,0000313616-22-000227,"2.02,9.01",2022-10-20,dhr-20221020.htm,https://www.sec.gov/Archives/edgar/data/313616/000031361622000227/dhr-20221020.htm
2022-10-20,10-Q,0000313616-22-000223,,2022-09-30,dhr-20220930.htm,https://www.sec.gov/Archives/edgar/data/313616/000031361622000223/dhr-20220930.htm
2022-07-21,8-K,0000313616-22-000173,"2.02,9.01",2022-07-21,dhr-20220721x8k.htm,https://www.sec.gov/Archives/edgar/data/313616/000031361622000173/dhr-20220721x8k.htm
2022-07-21,10-Q,0000313616-22-000171,,2022-07-01,dhr-20220701.htm,https://www.sec.gov/Archives/edgar/data/313616/000031361622000171/dhr-20220701.htm
2022-04-21,8-K,0000313616-22-000111,"2.02,9.01",2022-04-21,dhr-20220421.htm,https://www.sec.gov/Archives/edgar/data/313616/000031361622000111/dhr-20220421.htm
2022-04-21,10-Q,0000313616-22-000107,,2022-04-01,dhr-20220401.htm,https://www.sec.gov/Archives/edgar/data/313616/000031361622000107/dhr-20220401.htm
2022-02-23,10-K,0000313616-22-000061,,2021-12-31,dhr-20211231.htm,https://www.sec.gov/Archives/edgar/data/313616/000031361622000061/dhr-20211231.htm
2022-01-27,8-K,0000313616-22-000005,"2.02,9.01",2022-01-27,dhr-20220127.htm,https://www.sec.gov/Archives/edgar/data/313616/000031361622000005/dhr-20220127.htm
2022-01-11,8-K,0000313616-22-000003,"2.02,9.01",2022-01-11,dhr-20220111.htm,https://www.sec.gov/Archives/edgar/data/313616/000031361622000003/dhr-20220111.htm
2021-12-10,8-K,0001628280-21-024858,"1.01,9.01",2021-12-01,dhr-20211201.htm,https://www.sec.gov/Archives/edgar/data/313616/000162828021024858/dhr-20211201.htm
2021-10-21,8-K,0000313616-21-000114,"2.02,9.01",2021-10-21,dhr-20211021.htm,https://www.sec.gov/Archives/edgar/data/313616/000031361621000114/dhr-20211021.htm
2021-10-21,10-Q,0000313616-21-000110,,2021-10-01,dhr-20211001.htm,https://www.sec.gov/Archives/edgar/data/313616/000031361621000110/dhr-20211001.htm
2021-07-26,8-K,0000313616-21-000104,"8.01,9.01",2021-07-26,dhr-20210726.htm,https://www.sec.gov/Archives/edgar/data/313616/000031361621000104/dhr-20210726.htm
2021-07-22,8-K,0000313616-21-000102,"2.02,9.01",2021-07-22,dhr-20210722.htm,https://www.sec.gov/Archives/edgar/data/313616/000031361621000102/dhr-20210722.htm
2021-07-22,10-Q,0000313616-21-000098,,2021-07-02,dhr-20210702.htm,https://www.sec.gov/Archives/edgar/data/313616/000031361621000098/dhr-20210702.htm
2021-04-22,8-K,0000313616-21-000061,"2.02,9.01",2021-04-22,dhr-20210422.htm,https://www.sec.gov/Archives/edgar/data/313616/000031361621000061/dhr-20210422.htm
2021-04-22,10-Q,0000313616-21-000059,,2021-04-02,dhr-20210402.htm,https://www.sec.gov/Archives/edgar/data/313616/000031361621000059/dhr-20210402.htm
2021-02-25,10-K,0000313616-21-000045,,2020-12-31,dhr-20201231.htm,https://www.sec.gov/Archives/edgar/data/313616/000031361621000045/dhr-20201231.htm
2021-01-28,8-K,0000313616-21-000006,"2.02,9.01",2021-01-28,dhr-20210128.htm,https://www.sec.gov/Archives/edgar/data/313616/000031361621000006/dhr-20210128.htm
2021-01-13,8-K,0000313616-21-000004,"2.02,9.01",2021-01-13,dhr-20210113.htm,https://www.sec.gov/Archives/edgar/data/313616/000031361621000004/dhr-20210113.htm
2020-10-22,8-K,0000313616-20-000144,"2.02,9.01",2020-10-22,dhr-20201022.htm,https://www.sec.gov/Archives/edgar/data/313616/000031361620000144/dhr-20201022.htm
2020-10-22,10-Q,0000313616-20-000142,,2020-10-02,dhr-20201002.htm,https://www.sec.gov/Archives/edgar/data/313616/000031361620000142/dhr-20201002.htm
2020-10-06,8-K,0001628280-20-014349,"1.01,8.01,9.01",2020-09-29,dhr-20200929.htm,https://www.sec.gov/Archives/edgar/data/313616/000162828020014349/dhr-20200929.htm
2020-07-23,8-K,0000313616-20-000123,"2.02,9.01",2020-07-23,dhr-2020723x8k.htm,https://www.sec.gov/Archives/edgar/data/313616/000031361620000123/dhr-2020723x8k.htm
2020-07-23,10-Q,0000313616-20-000120,,2020-07-03,dhr-202073x10q.htm,https://www.sec.gov/Archives/edgar/data/313616/000031361620000120/dhr-202073x10q.htm
2020-06-10,8-K,0001193125-20-165131,"1.01,1.02,2.03,9.01",2020-06-05,d887896d8k.htm,https://www.sec.gov/Archives/edgar/data/313616/000119312520165131/d887896d8k.htm
2020-05-21,8-K/A,0000313616-20-000112,"2.01,9.01",2020-03-31,dhr-2020biopharma8xka.htm,https://www.sec.gov/Archives/edgar/data/313616/000031361620000112/dhr-2020biopharma8xka.htm
2020-05-12,8-K,0001628280-20-007564,"3.03,5.03,8.01,9.01",2020-05-12,dhrclosing8-k51220.htm,https://www.sec.gov/Archives/edgar/data/313616/000162828020007564/dhrclosing8-k51220.htm
2020-05-06,10-Q,0000313616-20-000093,,2020-04-03,dhr-202043x10q.htm,https://www.sec.gov/Archives/edgar/data/313616/000031361620000093/dhr-202043x10q.htm
2020-05-06,8-K,0000313616-20-000091,"2.02,9.01",2020-05-06,dhr-202057x8k.htm,https://www.sec.gov/Archives/edgar/data/313616/000031361620000091/dhr-202057x8k.htm
2020-04-13,8-K,0000313616-20-000081,"2.02,9.01",2020-04-13,dhr-2020413x8k.htm,https://www.sec.gov/Archives/edgar/data/313616/000031361620000081/dhr-2020413x8k.htm
2020-04-08,8-K,0001628280-20-004813,"1.01,9.01",2020-04-03,dhrclosing8-k4820.htm,https://www.sec.gov/Archives/edgar/data/313616/000162828020004813/dhrclosing8-k4820.htm
2020-04-01,8-K,0000313616-20-000079,"2.01,9.01",2020-03-31,biopharma8-k.htm,https://www.sec.gov/Archives/edgar/data/313616/000031361620000079/biopharma8-k.htm
2020-03-30,8-K,0001193125-20-090923,"1.01,9.01",2020-03-25,d909584d8k.htm,https://www.sec.gov/Archives/edgar/data/313616/000119312520090923/d909584d8k.htm
2020-02-21,10-K,0000313616-20-000041,,2019-12-31,dhr-20191231x10xk.htm,https://www.sec.gov/Archives/edgar/data/313616/000031361620000041/dhr-20191231x10xk.htm
2020-01-30,8-K,0000313616-20-000005,2.02,2020-01-30,dhr-2020130x8k.htm,https://www.sec.gov/Archives/edgar/data/313616/000031361620000005/dhr-2020130x8k.htm
2020-01-13,8-K,0000313616-20-000002,2.02,2020-01-13,dhr-2020113x8k.htm,https://www.sec.gov/Archives/edgar/data/313616/000031361620000002/dhr-2020113x8k.htm
2019-12-18,8-K,0000313616-19-000176,"7.01,9.01",2019-12-18,newdhr8-k.htm,https://www.sec.gov/Archives/edgar/data/313616/000031361619000176/newdhr8-k.htm
2019-12-18,8-K,0000313616-19-000174,"2.01,9.01",2019-12-18,dhr-20191218x8k.htm,https://www.sec.gov/Archives/edgar/data/313616/000031361619000174/dhr-20191218x8k.htm
2019-11-07,8-K,0001193125-19-287312,"1.01,9.01",2019-11-07,d829009d8k.htm,https://www.sec.gov/Archives/edgar/data/313616/000119312519287312/d829009d8k.htm
2019-10-31,8-K,0001193125-19-279253,"8.01,9.01",2019-10-29,d785557d8k.htm,https://www.sec.gov/Archives/edgar/data/313616/000119312519279253/d785557d8k.htm
2019-10-24,8-K,0000313616-19-000150,"2.02,9.01",2019-10-24,dhr-20191024x8k.htm,https://www.sec.gov/Archives/edgar/data/313616/000031361619000150/dhr-20191024x8k.htm
2019-10-24,10-Q,0000313616-19-000148,,2019-09-27,dhr-2019927x10q.htm,https://www.sec.gov/Archives/edgar/data/313616/000031361619000148/dhr-2019927x10q.htm
2019-09-20,8-K,0000313616-19-000146,"1.01,2.03,7.01,9.01",2019-09-19,danaherclosing8-k92019.htm,https://www.sec.gov/Archives/edgar/data/313616/000031361619000146/danaherclosing8-k92019.htm
2019-09-18,8-K,0001193125-19-247354,"1.01,9.01",2019-09-18,d770177d8k.htm,https://www.sec.gov/Archives/edgar/data/313616/000119312519247354/d770177d8k.htm
2019-09-05,8-K,0001193125-19-238057,"8.01,9.01",2019-09-03,d786464d8k.htm,https://www.sec.gov/Archives/edgar/data/313616/000119312519238057/d786464d8k.htm
2019-08-29,8-K,0001193125-19-234046,"1.01,2.03,9.01",2019-08-27,d777194d8k.htm,https://www.sec.gov/Archives/edgar/data/313616/000119312519234046/d777194d8k.htm
2019-07-18,8-K,0000313616-19-000129,"2.02,9.01",2019-07-18,dhr-2019718x8k.htm,https://www.sec.gov/Archives/edgar/data/313616/000031361619000129/dhr-2019718x8k.htm
2019-07-18,10-Q,0000313616-19-000127,,2019-06-28,dhr-2019628x10q.htm,https://www.sec.gov/Archives/edgar/data/313616/000031361619000127/dhr-2019628x10q.htm
2019-04-18,8-K,0000313616-19-000070,"2.02,9.01",2019-04-18,dhr-2019418x8k.htm,https://www.sec.gov/Archives/edgar/data/313616/000031361619000070/dhr-2019418x8k.htm
2019-04-18,10-Q,0000313616-19-000068,,2019-03-29,dhr-2019329x10q.htm,https://www.sec.gov/Archives/edgar/data/313616/000031361619000068/dhr-2019329x10q.htm
2019-03-01,8-K,0001193125-19-061189,"3.03,5.03,8.01,9.01",2019-02-26,d718238d8k.htm,https://www.sec.gov/Archives/edgar/data/313616/000119312519061189/d718238d8k.htm
2019-02-25,8-K,0001193125-19-049954,"1.01,7.01,9.01",2019-02-25,d702051d8k.htm,https://www.sec.gov/Archives/edgar/data/313616/000119312519049954/d702051d8k.htm
2019-02-21,10-K,0000313616-19-000035,,2018-12-31,dhr-20181231x10xk.htm,https://www.sec.gov/Archives/edgar/data/313616/000031361619000035/dhr-20181231x10xk.htm
2019-01-29,8-K,0000313616-19-000006,"2.02,9.01",2019-01-29,dhr-2019129x8k.htm,https://www.sec.gov/Archives/edgar/data/313616/000031361619000006/dhr-2019129x8k.htm
2019-01-08,8-K,0000313616-19-000004,2.02,2019-01-07,dhr-201917x8xk.htm,https://www.sec.gov/Archives/edgar/data/313616/000031361619000004/dhr-201917x8xk.htm
2018-10-18,8-K,0000313616-18-000133,"2.02,9.01",2018-10-18,dhr-20181018x8k.htm,https://www.sec.gov/Archives/edgar/data/313616/000031361618000133/dhr-20181018x8k.htm
2018-10-18,10-Q,0000313616-18-000130,,2018-09-28,dhr-2018928x10q.htm,https://www.sec.gov/Archives/edgar/data/313616/000031361618000130/dhr-2018928x10q.htm
2018-07-19,10-Q,0000313616-18-000116,,2018-06-29,dhr-2018629x10q.htm,https://www.sec.gov/Archives/edgar/data/313616/000031361618000116/dhr-2018629x10q.htm
2018-07-19,8-K,0000313616-18-000114,"2.02,9.01",2018-07-19,dhr-2018719x8k.htm,https://www.sec.gov/Archives/edgar/data/313616/000031361618000114/dhr-2018719x8k.htm
2018-04-19,8-K,0000313616-18-000067,"2.02,9.01",2018-04-19,dhr-2018419x8k.htm,https://www.sec.gov/Archives/edgar/data/313616/000031361618000067/dhr-2018419x8k.htm
2018-04-19,10-Q,0000313616-18-000065,,2018-03-30,dhr-2018330x10q.htm,https://www.sec.gov/Archives/edgar/data/313616/000031361618000065/dhr-2018330x10q.htm
2018-03-26,8-K,0001193125-18-096040,"1.01,2.03,9.01",2018-03-23,d559007d8k.htm,https://www.sec.gov/Archives/edgar/data/313616/000119312518096040/d559007d8k.htm
2018-02-21,10-K,0000313616-18-000038,,2017-12-31,dhr-20171231x10xk.htm,https://www.sec.gov/Archives/edgar/data/313616/000031361618000038/dhr-20171231x10xk.htm
2018-01-30,8-K,0000313616-18-000023,"2.02,9.01",2018-01-30,dhr-2018130x8k.htm,https://www.sec.gov/Archives/edgar/data/313616/000031361618000023/dhr-2018130x8k.htm
2018-01-09,8-K,0000313616-18-000012,"2.02,9.01",2018-01-08,dhr-201818x8k.htm,https://www.sec.gov/Archives/edgar/data/313616/000031361618000012/dhr-201818x8k.htm
2017-10-19,8-K,0000313616-17-000220,"2.02,9.01",2017-10-19,dhr-20171019x8k.htm,https://www.sec.gov/Archives/edgar/data/313616/000031361617000220/dhr-20171019x8k.htm
2017-10-19,10-Q,0000313616-17-000218,,2017-09-29,dhr-2017929x10q.htm,https://www.sec.gov/Archives/edgar/data/313616/000031361617000218/dhr-2017929x10q.htm
2017-07-20,8-K,0000313616-17-000205,"2.02,9.01",2017-07-20,dhr-2017720x8k.htm,https://www.sec.gov/Archives/edgar/data/313616/000031361617000205/dhr-2017720x8k.htm
2017-07-20,10-Q,0000313616-17-000203,,2017-06-30,dhr-2017630x10q.htm,https://www.sec.gov/Archives/edgar/data/313616/000031361617000203/dhr-2017630x10q.htm
2017-06-30,8-K,0001193125-17-218933,"1.01,9.01",2017-06-30,d414047d8k.htm,https://www.sec.gov/Archives/edgar/data/313616/000119312517218933/d414047d8k.htm
2017-06-21,8-K,0001193125-17-209479,"8.01,9.01",2017-06-19,d397715d8k.htm,https://www.sec.gov/Archives/edgar/data/313616/000119312517209479/d397715d8k.htm
2017-06-19,8-K,0000313616-17-000201,"8.01,9.01",2017-06-19,dhr-20170619x8xk.htm,https://www.sec.gov/Archives/edgar/data/313616/000031361617000201/dhr-20170619x8xk.htm
2017-04-20,8-K,0000313616-17-000125,"2.02,9.01",2017-04-20,dhr-2017420x8k.htm,https://www.sec.gov/Archives/edgar/data/313616/000031361617000125/dhr-2017420x8k.htm
2017-04-20,10-Q,0000313616-17-000124,,2017-03-31,dhr-2017331x10q.htm,https://www.sec.gov/Archives/edgar/data/313616/000031361617000124/dhr-2017331x10q.htm
2017-02-22,10-K,0000313616-17-000066,,2016-12-31,dhr-20161231x10xk.htm,https://www.sec.gov/Archives/edgar/data/313616/000031361617000066/dhr-20161231x10xk.htm
2017-01-31,8-K,0000313616-17-000023,"2.02,9.01",2017-01-31,dhr-2017131x8k.htm,https://www.sec.gov/Archives/edgar/data/313616/000031361617000023/dhr-2017131x8k.htm
2017-01-10,8-K,0001193125-17-006335,"2.02,9.01",2017-01-10,d328490d8k.htm,https://www.sec.gov/Archives/edgar/data/313616/000119312517006335/d328490d8k.htm
2016-11-10,8-K,0001193125-16-765181,8.01,2016-11-08,d259750d8k.htm,https://www.sec.gov/Archives/edgar/data/313616/000119312516765181/d259750d8k.htm
2016-10-25,8-K,0001193125-16-746563,"1.01,2.03,9.01",2016-10-24,d247822d8k.htm,https://www.sec.gov/Archives/edgar/data/313616/000119312516746563/d247822d8k.htm
2016-10-20,8-K,0000313616-16-000221,"2.02,9.01",2016-10-20,dhr-20161020x8k.htm,https://www.sec.gov/Archives/edgar/data/313616/000031361616000221/dhr-20161020x8k.htm
2016-10-20,10-Q,0000313616-16-000220,,2016-09-30,dhr-2016930x10q.htm,https://www.sec.gov/Archives/edgar/data/313616/000031361616000220/dhr-2016930x10q.htm
2016-07-25,8-K,0000313616-16-000208,"2.02,7.01,9.01",2016-07-25,dhr-2016725x8k.htm,https://www.sec.gov/Archives/edgar/data/313616/000031361616000208/dhr-2016725x8k.htm
2016-07-25,10-Q,0000313616-16-000206,,2016-07-01,dhr-201671x10q.htm,https://www.sec.gov/Archives/edgar/data/313616/000031361616000206/dhr-201671x10q.htm
2016-07-08,8-K,0001193125-16-643649,"1.01,2.01,7.01,8.01,9.01",2016-07-01,d205135d8k.htm,https://www.sec.gov/Archives/edgar/data/313616/000119312516643649/d205135d8k.htm
2016-06-21,8-K,0001193125-16-627934,"1.01,2.03,9.01",2016-06-16,d213855d8k.htm,https://www.sec.gov/Archives/edgar/data/313616/000119312516627934/d213855d8k.htm
2016-06-09,8-K,0001193125-16-617889,"8.01,9.01",2016-06-09,d204165d8k.htm,https://www.sec.gov/Archives/edgar/data/313616/000119312516617889/d204165d8k.htm
2016-06-07,8-K,0001193125-16-614628,"8.01,9.01",2016-06-06,d270944d8k.htm,https://www.sec.gov/Archives/edgar/data/313616/000119312516614628/d270944d8k.htm
2016-06-01,8-K,0001193125-16-609932,"5.02,8.01,9.01",2016-06-01,d16636d8k.htm,https://www.sec.gov/Archives/edgar/data/313616/000119312516609932/d16636d8k.htm
2016-04-21,10-Q,0000313616-16-000163,,2016-04-01,dhr-201641x10q.htm,https://www.sec.gov/Archives/edgar/data/313616/000031361616000163/dhr-201641x10q.htm
2016-04-21,8-K,0000313616-16-000162,"2.02,9.01",2016-04-21,dhr-2016421x8k.htm,https://www.sec.gov/Archives/edgar/data/313616/000031361616000162/dhr-2016421x8k.htm
2016-02-24,10-K,0000313616-16-000145,,2015-12-31,dhr-20151231x10xk.htm,https://www.sec.gov/Archives/edgar/data/313616/000031361616000145/dhr-20151231x10xk.htm
2016-01-26,8-K,0000313616-16-000132,"2.02,9.01",2016-01-26,dhr-2016126x8k.htm,https://www.sec.gov/Archives/edgar/data/313616/000031361616000132/dhr-2016126x8k.htm
2016-01-12,8-K,0001193125-16-427271,"2.02,9.01",2016-01-11,d115160d8k.htm,https://www.sec.gov/Archives/edgar/data/313616/000119312516427271/d115160d8k.htm
2015-11-24,8-K,0000313616-15-000110,"8.01,9.01",2015-11-24,dhr-20141231x8xk.htm,https://www.sec.gov/Archives/edgar/data/313616/000031361615000110/dhr-20141231x8xk.htm
2015-11-05,8-K/A,0000313616-15-000108,"2.01,9.01",2015-08-31,dhr-2015810x8ka.htm,https://www.sec.gov/Archives/edgar/data/313616/000031361615000108/dhr-2015810x8ka.htm
2015-10-22,8-K,0000313616-15-000099,"2.02,9.01",2015-10-22,dhr-2015102x8k.htm,https://www.sec.gov/Archives/edgar/data/313616/000031361615000099/dhr-2015102x8k.htm
2015-10-22,10-Q,0000313616-15-000097,,2015-10-02,dhr-2015102x10q.htm,https://www.sec.gov/Archives/edgar/data/313616/000031361615000097/dhr-2015102x10q.htm
2015-09-15,8-K,0001193125-15-320587,"1.01,9.01",2015-09-15,d94120d8k.htm,https://www.sec.gov/Archives/edgar/data/313616/000119312515320587/d94120d8k.htm
2015-09-11,8-K,0001193125-15-318490,"8.01,9.01",2015-09-10,d20750d8k.htm,https://www.sec.gov/Archives/edgar/data/313616/000119312515318490/d20750d8k.htm
2015-08-31,8-K,0001193125-15-307569,"2.01,3.01,8.01,9.01",2015-08-31,d53694d8k.htm,https://www.sec.gov/Archives/edgar/data/313616/000119312515307569/d53694d8k.htm
2015-07-23,8-K,0000313616-15-000082,"2.02,9.01",2015-07-23,dhr-201573x8k.htm,https://www.sec.gov/Archives/edgar/data/313616/000031361615000082/dhr-201573x8k.htm
2015-07-23,10-Q,0000313616-15-000081,,2015-07-03,dhr-201573x10q.htm,https://www.sec.gov/Archives/edgar/data/313616/000031361615000081/dhr-201573x10q.htm
2015-07-10,8-K,0001193125-15-250455,"1.01,2.03,9.01",2015-07-10,d38138d8k.htm,https://www.sec.gov/Archives/edgar/data/313616/000119312515250455/d38138d8k.htm
2015-07-08,8-K,0001193125-15-248075,"1.01,9.01",2015-07-08,d10460d8k.htm,https://www.sec.gov/Archives/edgar/data/313616/000119312515248075/d10460d8k.htm
2015-07-02,8-K,0001193125-15-243605,"8.01,9.01",2015-07-01,d62526d8k.htm,https://www.sec.gov/Archives/edgar/data/313616/000119312515243605/d62526d8k.htm
2015-06-30,8-K,0001193125-15-241323,8.01,2015-06-25,d947945d8k.htm,https://www.sec.gov/Archives/edgar/data/313616/000119312515241323/d947945d8k.htm
2015-05-20,8-K,0001193125-15-195130,"8.01,9.01",2015-05-20,d931175d8k.htm,https://www.sec.gov/Archives/edgar/data/313616/000119312515195130/d931175d8k.htm
2015-05-19,8-K,0001193125-15-192239,"8.01,9.01",2015-05-18,d927995d8k.htm,https://www.sec.gov/Archives/edgar/data/313616/000119312515192239/d927995d8k.htm
2015-05-13,8-K,0001193125-15-185890,"1.01,8.01,9.01",2015-05-12,d925751d8k.htm,https://www.sec.gov/Archives/edgar/data/313616/000119312515185890/d925751d8k.htm
2015-04-23,8-K,0000313616-15-000054,"2.02,9.01",2015-04-23,dhr-201543x8k.htm,https://www.sec.gov/Archives/edgar/data/313616/000031361615000054/dhr-201543x8k.htm
2015-04-23,10-Q,0000313616-15-000052,,2015-04-03,dhr-201543x10q.htm,https://www.sec.gov/Archives/edgar/data/313616/000031361615000052/dhr-201543x10q.htm
2015-02-25,10-K,0000313616-15-000038,,2014-12-31,dhr-20141231x10xk.htm,https://www.sec.gov/Archives/edgar/data/313616/000031361615000038/dhr-20141231x10xk.htm
2015-01-27,8-K,0000313616-15-000026,"2.02,9.01",2015-01-27,dhr-2015127x8k.htm,https://www.sec.gov/Archives/edgar/data/313616/000031361615000026/dhr-2015127x8k.htm
2015-01-13,8-K,0001193125-15-009053,"2.02,9.01",2015-01-13,d851076d8k.htm,https://www.sec.gov/Archives/edgar/data/313616/000119312515009053/d851076d8k.htm
2014-10-16,8-K,0000313616-14-000105,"2.02,9.01",2014-10-16,dhr-2014926x8k.htm,https://www.sec.gov/Archives/edgar/data/313616/000031361614000105/dhr-2014926x8k.htm
2014-10-16,10-Q,0000313616-14-000103,,2014-09-26,dhr-2014926x10q.htm,https://www.sec.gov/Archives/edgar/data/313616/000031361614000103/dhr-2014926x10q.htm
2014-10-14,8-K,0001193125-14-371108,"2.02,8.01,9.01",2014-10-13,d804048d8k.htm,https://www.sec.gov/Archives/edgar/data/313616/000119312514371108/d804048d8k.htm
2014-07-17,8-K,0000313616-14-000084,"2.02,9.01",2014-07-17,dhr-2014627x8k.htm,https://www.sec.gov/Archives/edgar/data/313616/000031361614000084/dhr-2014627x8k.htm
2014-07-17,10-Q,0000313616-14-000082,,2014-06-27,dhr-2014627x10q.htm,https://www.sec.gov/Archives/edgar/data/313616/000031361614000082/dhr-2014627x10q.htm
2014-04-16,8-K,0000313616-14-000043,"2.02,9.01",2014-04-16,dhr-2014328x8k.htm,https://www.sec.gov/Archives/edgar/data/313616/000031361614000043/dhr-2014328x8k.htm
2014-04-16,10-Q,0000313616-14-000042,,2014-03-28,dhr-2014328x10q.htm,https://www.sec.gov/Archives/edgar/data/313616/000031361614000042/dhr-2014328x10q.htm
2014-02-21,10-K,0000313616-14-000023,,2013-12-31,dhr-20131231x10xk.htm,https://www.sec.gov/Archives/edgar/data/313616/000031361614000023/dhr-20131231x10xk.htm
2014-01-28,8-K,0000313616-14-000017,"2.02,9.01",2014-01-28,dhr-2014128x8k.htm,https://www.sec.gov/Archives/edgar/data/313616/000031361614000017/dhr-2014128x8k.htm
2014-01-14,8-K,0000313616-14-000014,"2.02,9.01",2014-01-14,dhr-2014114x8k.htm,https://www.sec.gov/Archives/edgar/data/313616/000031361614000014/dhr-2014114x8k.htm
2013-10-17,10-Q,0000313616-13-000125,,2013-09-27,dhr-2013927x10q.htm,https://www.sec.gov/Archives/edgar/data/313616/000031361613000125/dhr-2013927x10q.htm
2013-10-17,8-K,0000313616-13-000124,"2.02,9.01",2013-10-17,dhr-2013927x8k.htm,https://www.sec.gov/Archives/edgar/data/313616/000031361613000124/dhr-2013927x8k.htm
2013-07-18,10-Q,0000313616-13-000088,,2013-06-28,dhr-2013628x10q.htm,https://www.sec.gov/Archives/edgar/data/313616/000031361613000088/dhr-2013628x10q.htm
2013-07-18,8-K,0000313616-13-000086,"2.02,9.01",2013-07-18,dhr-2013628x8k.htm,https://www.sec.gov/Archives/edgar/data/313616/000031361613000086/dhr-2013628x8k.htm
2013-07-10,8-K,0001193125-13-287303,"2.02,9.01",2013-07-09,d565997d8k.htm,https://www.sec.gov/Archives/edgar/data/313616/000119312513287303/d565997d8k.htm
2013-04-18,10-Q,0000313616-13-000048,,2013-03-29,dhr-2013329x10q.htm,https://www.sec.gov/Archives/edgar/data/313616/000031361613000048/dhr-2013329x10q.htm
2013-04-18,8-K,0001193125-13-159064,"2.02,9.01",2013-04-18,d523339d8k.htm,https://www.sec.gov/Archives/edgar/data/313616/000119312513159064/d523339d8k.htm
2013-02-22,10-K,0000313616-13-000026,,2012-12-31,dhr-20121231x10xk.htm,https://www.sec.gov/Archives/edgar/data/313616/000031361613000026/dhr-20121231x10xk.htm
2013-01-29,8-K,0001193125-13-026534,"2.02,9.01",2013-01-29,d475310d8k.htm,https://www.sec.gov/Archives/edgar/data/313616/000119312513026534/d475310d8k.htm
2013-01-09,8-K,0001193125-13-007238,"2.02,9.01",2013-01-08,d464701d8k.htm,https://www.sec.gov/Archives/edgar/data/313616/000119312513007238/d464701d8k.htm
2012-10-18,10-Q,0000313616-12-000119,,2012-09-28,dhr-2012928x10q.htm,https://www.sec.gov/Archives/edgar/data/313616/000031361612000119/dhr-2012928x10q.htm
2012-10-18,8-K,0001193125-12-426216,"2.02,9.01",2012-10-17,d423130d8k.htm,https://www.sec.gov/Archives/edgar/data/313616/000119312512426216/d423130d8k.htm
2012-07-19,10-Q,0000313616-12-000089,,2012-06-29,dhr-2012629x10q.htm,https://www.sec.gov/Archives/edgar/data/313616/000031361612000089/dhr-2012629x10q.htm
2012-07-19,8-K,0001193125-12-306311,"2.02,9.01",2012-07-18,d384687d8k.htm,https://www.sec.gov/Archives/edgar/data/313616/000119312512306311/d384687d8k.htm
2012-04-19,10-Q,0001193125-12-168646,,2012-03-30,d311257d10q.htm,https://www.sec.gov/Archives/edgar/data/313616/000119312512168646/d311257d10q.htm
2012-04-19,8-K,0001193125-12-168642,"2.02,9.01",2012-04-18,d336946d8k.htm,https://www.sec.gov/Archives/edgar/data/313616/000119312512168642/d336946d8k.htm
2012-02-24,10-K,0001193125-12-076756,,2011-12-31,d257309d10k.htm,https://www.sec.gov/Archives/edgar/data/313616/000119312512076756/d257309d10k.htm
2012-01-31,8-K,0001193125-12-030121,"2.02,9.01",2012-01-30,d292062d8k.htm,https://www.sec.gov/Archives/edgar/data/313616/000119312512030121/d292062d8k.htm
2011-10-20,10-Q,0001193125-11-275043,,2011-09-30,d226414d10q.htm,https://www.sec.gov/Archives/edgar/data/313616/000119312511275043/d226414d10q.htm
2011-10-20,8-K,0001193125-11-275040,"2.02,9.01",2011-10-19,d245491d8k.htm,https://www.sec.gov/Archives/edgar/data/313616/000119312511275040/d245491d8k.htm
2011-09-28,8-K,0001193125-11-258933,1.01,2011-09-26,d238040d8k.htm,https://www.sec.gov/Archives/edgar/data/313616/000119312511258933/d238040d8k.htm
2011-08-10,8-K/A,0001193125-11-216818,"2.01,9.01",2011-06-24,d8ka.htm,https://www.sec.gov/Archives/edgar/data/313616/000119312511216818/d8ka.htm
2011-07-27,10-Q,0001193125-11-197635,,2011-07-01,d10q.htm,https://www.sec.gov/Archives/edgar/data/313616/000119312511197635/d10q.htm
2011-07-21,8-K,0001193125-11-192626,"2.02,9.01",2011-07-20,d8k.htm,https://www.sec.gov/Archives/edgar/data/313616/000119312511192626/d8k.htm
2011-07-19,8-K,0001193125-11-191419,"1.01,1.02,2.03,9.01",2011-07-15,d8k.htm,https://www.sec.gov/Archives/edgar/data/313616/000119312511191419/d8k.htm
2011-06-30,8-K,0001193125-11-178944,"1.01,2.01,2.03,9.01",2011-06-24,d8k.htm,https://www.sec.gov/Archives/edgar/data/313616/000119312511178944/d8k.htm
2011-06-23,8-K,0001193125-11-171950,"1.01,9.01",2011-06-23,d8k.htm,https://www.sec.gov/Archives/edgar/data/313616/000119312511171950/d8k.htm
2011-06-21,8-K,0001193125-11-169926,"8.01,9.01",2011-06-20,d8k.htm,https://www.sec.gov/Archives/edgar/data/313616/000119312511169926/d8k.htm
2011-06-17,8-K,0001193125-11-167990,"1.01,9.01",2011-06-17,d8k.htm,https://www.sec.gov/Archives/edgar/data/313616/000119312511167990/d8k.htm
2011-06-15,8-K,0001193125-11-165705,"8.01,9.01",2011-06-14,d8k.htm,https://www.sec.gov/Archives/edgar/data/313616/000119312511165705/d8k.htm
2011-04-21,8-K,0001193125-11-104590,"8.01,9.01",2011-04-21,d8k.htm,https://www.sec.gov/Archives/edgar/data/313616/000119312511104590/d8k.htm
2011-04-21,10-Q,0001193125-11-103992,,2011-04-01,d10q.htm,https://www.sec.gov/Archives/edgar/data/313616/000119312511103992/d10q.htm
2011-04-21,8-K,0001193125-11-103981,"2.02,9.01",2011-04-20,d8k.htm,https://www.sec.gov/Archives/edgar/data/313616/000119312511103981/d8k.htm
2011-02-24,10-K,0001193125-11-044412,,2010-12-31,d10k.htm,https://www.sec.gov/Archives/edgar/data/313616/000119312511044412/d10k.htm
2011-02-10,8-K,0001193125-11-030799,"1.01,9.01",2011-02-06,d8k.htm,https://www.sec.gov/Archives/edgar/data/313616/000119312511030799/d8k.htm
2011-02-07,8-K,0000898822-11-000071,"8.01,9.01",2011-02-07,danaherbody8k.htm,https://www.sec.gov/Archives/edgar/data/313616/000089882211000071/danaherbody8k.htm
2011-01-27,8-K,0001193125-11-014957,"2.02,9.01",2011-01-26,d8k.htm,https://www.sec.gov/Archives/edgar/data/313616/000119312511014957/d8k.htm
2010-12-13,8-K,0001193125-10-278852,"8.01,9.01",2010-12-13,d8k.htm,https://www.sec.gov/Archives/edgar/data/313616/000119312510278852/d8k.htm
2010-10-21,10-Q,0001193125-10-232801,,2010-10-01,d10q.htm,https://www.sec.gov/Archives/edgar/data/313616/000119312510232801/d10q.htm
2010-10-21,8-K,0001193125-10-232793,"2.02,9.01",2010-10-20,d8k.htm,https://www.sec.gov/Archives/edgar/data/313616/000119312510232793/d8k.htm
2010-07-22,10-Q,0001193125-10-162949,,2010-07-02,d10q.htm,https://www.sec.gov/Archives/edgar/data/313616/000119312510162949/d10q.htm
2010-07-22,8-K,0001193125-10-162943,"2.02,9.01",2010-07-21,d8k.htm,https://www.sec.gov/Archives/edgar/data/313616/000119312510162943/d8k.htm
2010-04-22,10-Q,0001193125-10-089057,,2010-04-02,d10q.htm,https://www.sec.gov/Archives/edgar/data/313616/000119312510089057/d10q.htm
2010-04-22,8-K,0001193125-10-089051,"2.02,9.01",2010-04-21,d8k.htm,https://www.sec.gov/Archives/edgar/data/313616/000119312510089051/d8k.htm
2010-02-24,10-K,0001193125-10-038977,,2009-12-31,d10k.htm,https://www.sec.gov/Archives/edgar/data/313616/000119312510038977/d10k.htm
2010-01-28,8-K,0001193125-10-014423,"2.02,9.01",2010-01-27,d8k.htm,https://www.sec.gov/Archives/edgar/data/313616/000119312510014423/d8k.htm
2009-10-22,10-Q,0001193125-09-211288,,2009-10-02,d10q.htm,https://www.sec.gov/Archives/edgar/data/313616/000119312509211288/d10q.htm
2009-10-22,8-K,0001193125-09-211283,"2.02,9.01",2009-10-21,d8k.htm,https://www.sec.gov/Archives/edgar/data/313616/000119312509211283/d8k.htm
2009-07-23,10-Q,0001193125-09-153251,,2009-07-03,d10q.htm,https://www.sec.gov/Archives/edgar/data/313616/000119312509153251/d10q.htm
2009-07-23,8-K,0001193125-09-153250,"2.02,9.01",2009-07-22,d8k.htm,https://www.sec.gov/Archives/edgar/data/313616/000119312509153250/d8k.htm
2009-05-08,8-K,0001193125-09-104622,"8.01,9.01",2009-05-08,d8k.htm,https://www.sec.gov/Archives/edgar/data/313616/000119312509104622/d8k.htm
2009-04-23,10-Q,0001193125-09-084783,,2009-04-03,d10q.htm,https://www.sec.gov/Archives/edgar/data/313616/000119312509084783/d10q.htm
2009-04-23,8-K,0001193125-09-084776,"2.02,9.01",2009-04-22,d8k.htm,https://www.sec.gov/Archives/edgar/data/313616/000119312509084776/d8k.htm
2009-03-06,8-K,0001193125-09-047669,"8.01,9.01",2009-03-05,d8k.htm,https://www.sec.gov/Archives/edgar/data/313616/000119312509047669/d8k.htm
2009-03-03,8-K,0001193125-09-043791,"8.01,9.01",2009-02-26,d8k.htm,https://www.sec.gov/Archives/edgar/data/313616/000119312509043791/d8k.htm
2009-02-25,10-K,0001193125-09-037468,,2008-12-31,d10k.htm,https://www.sec.gov/Archives/edgar/data/313616/000119312509037468/d10k.htm
2009-01-26,8-K,0001193125-09-010757,"2.02,9.01",2009-01-26,d8k.htm,https://www.sec.gov/Archives/edgar/data/313616/000119312509010757/d8k.htm
2008-10-16,10-Q,0001193125-08-211099,,2008-09-26,d10q.htm,https://www.sec.gov/Archives/edgar/data/313616/000119312508211099/d10q.htm
2008-10-16,8-K,0001193125-08-211097,"2.02,9.01",2008-10-15,d8k.htm,https://www.sec.gov/Archives/edgar/data/313616/000119312508211097/d8k.htm
2008-07-17,10-Q,0001193125-08-152134,,2008-06-27,d10q.htm,https://www.sec.gov/Archives/edgar/data/313616/000119312508152134/d10q.htm
2008-07-17,8-K,0001193125-08-152129,"2.02,9.01",2008-07-16,d8k.htm,https://www.sec.gov/Archives/edgar/data/313616/000119312508152129/d8k.htm
2008-04-17,10-Q,0001193125-08-082872,,2008-03-28,d10q.htm,https://www.sec.gov/Archives/edgar/data/313616/000119312508082872/d10q.htm
2008-04-17,8-K,0001193125-08-082866,"2.02,9.01",2008-04-16,d8k.htm,https://www.sec.gov/Archives/edgar/data/313616/000119312508082866/d8k.htm
2008-02-21,10-K,0001193125-08-034637,,2007-12-31,d10k.htm,https://www.sec.gov/Archives/edgar/data/313616/000119312508034637/d10k.htm
2008-01-24,8-K,0001193125-08-010663,"2.02,9.01",2008-01-23,d8k.htm,https://www.sec.gov/Archives/edgar/data/313616/000119312508010663/d8k.htm
2007-12-28,8-K/A,0001193125-07-272951,"2.01,9.01",2007-11-21,d8ka.htm,https://www.sec.gov/Archives/edgar/data/313616/000119312507272951/d8ka.htm
2007-12-11,8-K,0001193125-07-263133,"8.01,9.01",2007-12-06,d8k.htm,https://www.sec.gov/Archives/edgar/data/313616/000119312507263133/d8k.htm
2007-11-21,8-K,0000898822-07-001390,"2.01,9.01",2007-11-21,danaher8k.htm,https://www.sec.gov/Archives/edgar/data/313616/000089882207001390/danaher8k.htm
2007-11-15,8-K,0001193125-07-248059,"1.01,2.03,9.01",2007-11-13,d8k.htm,https://www.sec.gov/Archives/edgar/data/313616/000119312507248059/d8k.htm
2007-11-02,8-K,0001193125-07-233917,"8.01,9.01",2007-11-01,d8k.htm,https://www.sec.gov/Archives/edgar/data/313616/000119312507233917/d8k.htm
2007-10-31,8-K,0001193125-07-231148,"8.01,9.01",2007-10-31,d8k.htm,https://www.sec.gov/Archives/edgar/data/313616/000119312507231148/d8k.htm
2007-10-18,10-Q,0001193125-07-220461,,2007-09-28,d10q.htm,https://www.sec.gov/Archives/edgar/data/313616/000119312507220461/d10q.htm
2007-10-18,8-K,0001193125-07-220459,"2.02,9.01",2007-10-17,d8k.htm,https://www.sec.gov/Archives/edgar/data/313616/000119312507220459/d8k.htm
2007-10-15,8-K,0001193125-07-218609,"1.01,9.01",2007-10-15,d8k.htm,https://www.sec.gov/Archives/edgar/data/313616/000119312507218609/d8k.htm
2007-10-15,8-K,0000898822-07-001219,"2.02,9.01",2007-10-15,form8k.htm,https://www.sec.gov/Archives/edgar/data/313616/000089882207001219/form8k.htm
2007-07-19,10-Q,0001193125-07-157383,,2007-06-29,d10q.htm,https://www.sec.gov/Archives/edgar/data/313616/000119312507157383/d10q.htm
2007-07-19,8-K,0001193125-07-157381,"2.02,9.01",2007-07-18,d8k.htm,https://www.sec.gov/Archives/edgar/data/313616/000119312507157381/d8k.htm
2007-04-19,8-K,0001193125-07-084206,"2.02,9.01",2007-04-18,d8k.htm,https://www.sec.gov/Archives/edgar/data/313616/000119312507084206/d8k.htm
2007-04-19,10-Q,0001193125-07-084196,,2007-03-30,d10q.htm,https://www.sec.gov/Archives/edgar/data/313616/000119312507084196/d10q.htm
2007-03-01,10-K,0001193125-07-043522,,2006-12-31,d10k.htm,https://www.sec.gov/Archives/edgar/data/313616/000119312507043522/d10k.htm
2007-02-20,8-K,0001193125-07-034223,"1.01,9.01",2007-02-15,d8k.htm,https://www.sec.gov/Archives/edgar/data/313616/000119312507034223/d8k.htm
2007-01-25,8-K,0001193125-07-012069,"2.02,9.01",2007-01-24,d8k.htm,https://www.sec.gov/Archives/edgar/data/313616/000119312507012069/d8k.htm
2006-10-19,8-K,0001193125-06-210309,"2.02,9.01",2006-10-18,d8k.htm,https://www.sec.gov/Archives/edgar/data/313616/000119312506210309/d8k.htm
2006-10-19,10-Q,0001193125-06-210301,,2006-09-29,d10q.htm,https://www.sec.gov/Archives/edgar/data/313616/000119312506210301/d10q.htm
2006-07-31,8-K/A,0001193125-06-157070,"2.01,9.01",2006-05-16,d8ka.htm,https://www.sec.gov/Archives/edgar/data/313616/000119312506157070/d8ka.htm
2006-07-20,8-K,0001193125-06-149332,"2.02,9.01",2006-07-19,d8k.htm,https://www.sec.gov/Archives/edgar/data/313616/000119312506149332/d8k.htm
2006-07-20,10-Q,0001193125-06-149329,,2006-06-30,d10q.htm,https://www.sec.gov/Archives/edgar/data/313616/000119312506149329/d10q.htm
2006-05-22,8-K,0000898822-06-000635,"2.01,9.01",2006-05-22,may228k.txt,https://www.sec.gov/Archives/edgar/data/313616/000089882206000635/may228k.txt
2006-05-11,8-K,0001193125-06-109143,"1.01,2.03,9.01",2006-05-05,d8k.htm,https://www.sec.gov/Archives/edgar/data/313616/000119312506109143/d8k.htm
2006-04-26,8-K,0001193125-06-089598,"1.01,1.02,2.03,9.01",2006-04-25,d8k.htm,https://www.sec.gov/Archives/edgar/data/313616/000119312506089598/d8k.htm
2006-04-20,10-Q,0001193125-06-083683,,2006-03-31,d10q.htm,https://www.sec.gov/Archives/edgar/data/313616/000119312506083683/d10q.htm
2006-04-20,8-K,0001193125-06-083679,"2.02,9.01",2006-04-19,d8k.htm,https://www.sec.gov/Archives/edgar/data/313616/000119312506083679/d8k.htm
2006-04-12,8-K,0001193125-06-078855,"1.01,2.02,9.01",2006-04-12,d8k.htm,https://www.sec.gov/Archives/edgar/data/313616/000119312506078855/d8k.htm
2006-03-15,10-K,0001193125-06-055148,,2005-12-31,d10k.htm,https://www.sec.gov/Archives/edgar/data/313616/000119312506055148/d10k.htm
2006-03-10,8-K,0001193125-06-051106,"8.01,9.01",2006-03-09,d8k.htm,https://www.sec.gov/Archives/edgar/data/313616/000119312506051106/d8k.htm
2006-03-01,8-K,0001193125-06-042905,1.01,2006-02-23,d8k.htm,https://www.sec.gov/Archives/edgar/data/313616/000119312506042905/d8k.htm
2006-01-26,8-K,0001193125-06-011970,"2.02,9.01",2006-01-25,d8k.htm,https://www.sec.gov/Archives/edgar/data/313616/000119312506011970/d8k.htm
