filing_date,form,period,accession,items,primary_document,exhibits,url
2005-10-26,10-Q,2005-09-30,0001193125-05-208763,,d10q.htm,dex15.htm;dex311.htm;dex312.htm;dex321.htm;dex322.htm,https://www.sec.gov/Archives/edgar/data/12927/000119312505208763/d10q.htm
2005-11-10,8-K,2005-11-04,0001193125-05-223267,"1.01,9.01",d8k.htm,dex991.htm,https://www.sec.gov/Archives/edgar/data/12927/000119312505223267/d8k.htm
2005-11-23,8-K,2005-11-18,0001193125-05-231771,"1.01,2.03",d8k.htm,,https://www.sec.gov/Archives/edgar/data/12927/000119312505231771/d8k.htm
2006-02-01,8-K,2006-02-01,0001193125-06-016906,"2.02,9.01",d8k.htm,dex991.htm,https://www.sec.gov/Archives/edgar/data/12927/000119312506016906/d8k.htm
2006-02-02,8-K,2006-02-01,0001193125-06-017772,"2.02,9.01",d8k.htm,dex991.htm;dex992.htm,https://www.sec.gov/Archives/edgar/data/12927/000119312506017772/d8k.htm
2006-02-28,10-K,2005-12-31,0001193125-06-040952,,d10k.htm,dex10i.htm;dex10ii.htm;dex10xxii.htm;dex12.htm;dex21.htm;dex23.htm;dex31i.htm;dex31ii.htm;dex32i.htm;dex32ii.htm,https://www.sec.gov/Archives/edgar/data/12927/000119312506040952/d10k.htm
2006-03-03,8-K,2006-02-27,0001193125-06-045153,1.01,d8k.htm,,https://www.sec.gov/Archives/edgar/data/12927/000119312506045153/d8k.htm
2006-04-26,10-Q,2006-03-31,0001193125-06-089258,,d10q.htm,dex10ii.htm;dex10iii.htm;dex15.htm;dex18.htm;dex311.htm;dex312.htm;dex321.htm;dex322.htm,https://www.sec.gov/Archives/edgar/data/12927/000119312506089258/d10q.htm
2006-05-04,8-K,2006-04-30,0001193125-06-100556,"1.01,8.01,9.01",d8k.htm,dex21.htm;dex991.htm,https://www.sec.gov/Archives/edgar/data/12927/000119312506100556/d8k.htm
2006-05-05,8-K,2006-05-01,0001193125-06-102223,"1.01,5.03,9.01",d8k.htm,dex31.htm;dex32.htm,https://www.sec.gov/Archives/edgar/data/12927/000119312506102223/d8k.htm
2006-06-27,8-K,2006-06-27,0001193125-06-136943,8.01,d8k.htm,dex991.htm,https://www.sec.gov/Archives/edgar/data/12927/000119312506136943/d8k.htm
2006-06-30,8-K,2006-06-26,0001193125-06-140805,"5.03,8.01,9.01",d8k.htm,dex32.htm,https://www.sec.gov/Archives/edgar/data/12927/000119312506140805/d8k.htm
2006-07-26,10-Q,2006-06-30,0001193125-06-153564,,d10q.htm,dex15.htm;dex311.htm;dex312.htm;dex321.htm;dex322.htm,https://www.sec.gov/Archives/edgar/data/12927/000119312506153564/d10q.htm
2006-07-26,8-K,2006-07-26,0001193125-06-153284,"2.02,9.01",d8k.htm,dex991.htm,https://www.sec.gov/Archives/edgar/data/12927/000119312506153284/d8k.htm
2006-08-22,8-K,2006-08-16,0001193125-06-177709,"2.05,9.01",d8k.htm,dex991.htm,https://www.sec.gov/Archives/edgar/data/12927/000119312506177709/d8k.htm
2006-09-25,8-K,2006-09-20,0001104659-06-062783,"2.01,9.01",a06-20169_18k.htm,a06-20169_1ex99d1.htm,https://www.sec.gov/Archives/edgar/data/12927/000110465906062783/a06-20169_18k.htm
2006-10-25,10-Q,2006-09-30,0001193125-06-214506,,d10q.htm,dex10i.htm;dex15.htm;dex311.htm;dex312.htm;dex321.htm;dex322.htm,https://www.sec.gov/Archives/edgar/data/12927/000119312506214506/d10q.htm
2006-10-25,8-K,2006-10-25,0001193125-06-214277,"2.02,9.01",d8k.htm,dex991.htm,https://www.sec.gov/Archives/edgar/data/12927/000119312506214277/d8k.htm
2006-11-22,8-K,2006-11-17,0001193125-06-240719,"1.01,2.03",d8k.htm,,https://www.sec.gov/Archives/edgar/data/12927/000119312506240719/d8k.htm
2007-01-31,8-K,2007-01-31,0001193125-07-016878,"2.02,9.01",d8k.htm,dex991.htm,https://www.sec.gov/Archives/edgar/data/12927/000119312507016878/d8k.htm
2007-02-16,10-K,2006-12-31,0001193125-07-033902,,d10k.htm,dex10i.htm;dex10ii.htm;dex10vi.htm;dex10xxx.htm;dex12.htm;dex21.htm;dex23.htm;dex31i.htm;dex31ii.htm;dex32i.htm;dex32ii.htm,https://www.sec.gov/Archives/edgar/data/12927/000119312507033902/d10k.htm
2007-03-05,8-K,2007-02-27,0001193125-07-046463,"5.02,5.03,8.01,9.01",d8k.htm,dex32.htm;dex991.htm;dex992.htm,https://www.sec.gov/Archives/edgar/data/12927/000119312507046463/d8k.htm
2007-04-25,10-Q,2007-03-31,0001193125-07-089827,,d10q.htm,dex10i.htm;dex10ii.htm;dex15.htm;dex311.htm;dex312.htm;dex321.htm;dex322.htm,https://www.sec.gov/Archives/edgar/data/12927/000119312507089827/d10q.htm
2007-04-25,8-K,2007-04-25,0001193125-07-089597,"2.02,9.01",d8k.htm,dex991.htm,https://www.sec.gov/Archives/edgar/data/12927/000119312507089597/d8k.htm
2007-05-04,8-K,2007-05-04,0001193125-07-102918,8.01,d8k.htm,,https://www.sec.gov/Archives/edgar/data/12927/000119312507102918/d8k.htm
2007-07-25,10-Q,2007-06-30,0001193125-07-161475,,d10q.htm,dex15.htm;dex311.htm;dex312.htm;dex321.htm;dex322.htm,https://www.sec.gov/Archives/edgar/data/12927/000119312507161475/d10q.htm
2007-07-25,8-K,2007-07-25,0001193125-07-161247,"2.02,9.01",d8k.htm,dex991.htm,https://www.sec.gov/Archives/edgar/data/12927/000119312507161247/d8k.htm
2007-10-24,10-Q,2007-09-30,0001193125-07-224585,,d10q.htm,dex15.htm;dex312.htm;dex3121.htm;dex321.htm;dex322.htm;dex3i.htm,https://www.sec.gov/Archives/edgar/data/12927/000119312507224585/d10q.htm
2007-10-24,8-K,2007-10-24,0001193125-07-224344,"2.02,9.01",d8k.htm,dex991.htm,https://www.sec.gov/Archives/edgar/data/12927/000119312507224344/d8k.htm
2007-11-21,8-K,2007-11-16,0001193125-07-251817,"1.01,2.03",d8k.htm,,https://www.sec.gov/Archives/edgar/data/12927/000119312507251817/d8k.htm
2008-01-30,8-K,2008-01-30,0001193125-08-015035,"2.02,9.01",d8k.htm,dex991.htm,https://www.sec.gov/Archives/edgar/data/12927/000119312508015035/d8k.htm
2008-02-15,10-K,2007-12-31,0001193125-08-032328,,d10k.htm,dex10i.htm;dex10ii.htm;dex10xxx.htm;dex21.htm;dex23.htm;dex31i.htm;dex31ii.htm;dex32i.htm;dex32ii.htm,https://www.sec.gov/Archives/edgar/data/12927/000119312508032328/d10k.htm
2008-04-23,10-Q,2008-03-31,0001193125-08-087722,,d10q.htm,dex15.htm;dex311.htm;dex312.htm;dex321.htm;dex322.htm,https://www.sec.gov/Archives/edgar/data/12927/000119312508087722/d10q.htm
2008-04-23,8-K,2008-04-23,0001193125-08-087499,"2.02,9.01",d8k.htm,dex991.htm,https://www.sec.gov/Archives/edgar/data/12927/000119312508087499/d8k.htm
2008-07-23,10-Q,2008-06-30,0001193125-08-156077,,d10q.htm,dex10i.htm;dex10ii.htm;dex15.htm;dex311.htm;dex312.htm;dex321.htm;dex322.htm,https://www.sec.gov/Archives/edgar/data/12927/000119312508156077/d10q.htm
2008-07-23,8-K,2008-07-23,0001193125-08-155831,"2.02,9.01",d8k.htm,dex991.htm,https://www.sec.gov/Archives/edgar/data/12927/000119312508155831/d8k.htm
2008-10-22,10-Q,2008-09-30,0001193125-08-214169,,d10q.htm,dex10i.htm;dex15.htm;dex311.htm;dex312.htm;dex321.htm;dex322.htm,https://www.sec.gov/Archives/edgar/data/12927/000119312508214169/d10q.htm
2008-10-22,8-K,2008-10-22,0001193125-08-214077,"2.02,9.01",d8k.htm,dex991.htm,https://www.sec.gov/Archives/edgar/data/12927/000119312508214077/d8k.htm
2008-11-20,8-K,2008-11-14,0001193125-08-240082,"1.01,2.03,9.01",d8k.htm,dex101.htm,https://www.sec.gov/Archives/edgar/data/12927/000119312508240082/d8k.htm
2009-01-28,8-K,2009-01-28,0001193125-09-012567,"2.02,9.01",d8k.htm,dex991.htm,https://www.sec.gov/Archives/edgar/data/12927/000119312509012567/d8k.htm
2009-02-09,8-K,2009-02-09,0001193125-09-022679,"2.02,9.01",d8k.htm,dex991.htm,https://www.sec.gov/Archives/edgar/data/12927/000119312509022679/d8k.htm
2009-02-09,10-K,2008-12-31,0001193125-09-022654,,d10k.htm,dex21.htm;dex23.htm;dex31i.htm;dex31ii.htm;dex32i.htm;dex32ii.htm,https://www.sec.gov/Archives/edgar/data/12927/000119312509022654/d10k.htm
2009-03-13,8-K,2009-03-10,0001193125-09-053952,"8.01,9.01",d8k.htm,dex11.htm,https://www.sec.gov/Archives/edgar/data/12927/000119312509053952/d8k.htm
2009-04-09,8-K,2009-04-09,0001193125-09-076544,"2.02,9.01",d8k.htm,dex991.htm,https://www.sec.gov/Archives/edgar/data/12927/000119312509076544/d8k.htm
2009-04-22,10-Q,2009-03-31,0001193125-09-084313,,d10q.htm,dex10ii.htm;dex15.htm;dex31i.htm;dex31ii.htm;dex32i.htm;dex32ii.htm,https://www.sec.gov/Archives/edgar/data/12927/000119312509084313/d10q.htm
2009-04-22,8-K,2009-04-22,0001193125-09-084108,"2.02,9.01",d8k.htm,dex991.htm,https://www.sec.gov/Archives/edgar/data/12927/000119312509084108/d8k.htm
2009-06-23,8-K,2009-06-23,0001193125-09-135627,"8.01,9.01",d8k.htm,dex991.htm,https://www.sec.gov/Archives/edgar/data/12927/000119312509135627/d8k.htm
2009-06-25,8-K,2009-06-22,0001193125-09-137283,8.01,d8k.htm,,https://www.sec.gov/Archives/edgar/data/12927/000119312509137283/d8k.htm
2009-07-07,8-K,2009-07-06,0001193125-09-144858,"1.01,9.01",d8k.htm,dex991.htm,https://www.sec.gov/Archives/edgar/data/12927/000119312509144858/d8k.htm
2009-07-22,10-Q,2009-06-30,0001193125-09-152905,,d10q.htm,dex15.htm;dex31i.htm;dex31ii.htm;dex32i.htm;dex32ii.htm,https://www.sec.gov/Archives/edgar/data/12927/000119312509152905/d10q.htm
2009-07-22,8-K,2009-07-22,0001193125-09-152715,"2.02,9.01",d8k.htm,dex991.htm,https://www.sec.gov/Archives/edgar/data/12927/000119312509152715/d8k.htm
2009-07-28,8-K,2009-07-23,0001193125-09-156623,"8.01,9.01",d8k.htm,dex11.htm,https://www.sec.gov/Archives/edgar/data/12927/000119312509156623/d8k.htm
2009-08-27,8-K,2009-08-27,0001193125-09-182582,"8.01,9.01",d8k.htm,dex991.htm,https://www.sec.gov/Archives/edgar/data/12927/000119312509182582/d8k.htm
2009-08-31,8-K,2009-08-26,0001193125-09-184806,"5.02,8.01,9.01",d8k.htm,dex991.htm,https://www.sec.gov/Archives/edgar/data/12927/000119312509184806/d8k.htm
2009-09-15,8-K,2009-06-09,0001193125-09-191797,"8.01,9.01",d8k.htm,dex991.htm;dex992.htm,https://www.sec.gov/Archives/edgar/data/12927/000119312509191797/d8k.htm
2009-10-06,8-K,2009-10-06,0001193125-09-204033,"8.01,9.01",d8k.htm,dex991.htm,https://www.sec.gov/Archives/edgar/data/12927/000119312509204033/d8k.htm
2009-10-21,10-Q,2009-09-30,0001193125-09-210918,,d10q.htm,dex10i.htm;dex15.htm;dex31i.htm;dex31ii.htm;dex32i.htm;dex32ii.htm;dex3i.htm,https://www.sec.gov/Archives/edgar/data/12927/000119312509210918/d10q.htm
2009-10-21,8-K,2009-10-21,0001193125-09-210777,"2.02,9.01",d8k.htm,dex991.htm,https://www.sec.gov/Archives/edgar/data/12927/000119312509210777/d8k.htm
2009-11-05,8-K,2009-11-05,0001193125-09-225187,"8.01,9.01",d8k.htm,dex991.htm,https://www.sec.gov/Archives/edgar/data/12927/000119312509225187/d8k.htm
2009-11-10,8-K,2009-11-09,0001193125-09-230185,8.01,d8k.htm,,https://www.sec.gov/Archives/edgar/data/12927/000119312509230185/d8k.htm
2009-11-13,8-K,2009-11-13,0001193125-09-234368,"1.01,2.03,9.01",d8k.htm,dex101.htm,https://www.sec.gov/Archives/edgar/data/12927/000119312509234368/d8k.htm
2009-11-17,8-K,2009-11-13,0001193125-09-236349,8.01,d8k.htm,,https://www.sec.gov/Archives/edgar/data/12927/000119312509236349/d8k.htm
2009-11-20,8-K,2009-11-17,0001193125-09-238921,"8.01,9.01",d8k.htm,dex11.htm,https://www.sec.gov/Archives/edgar/data/12927/000119312509238921/d8k.htm
2010-01-27,8-K,2010-01-27,0001193125-10-013708,"2.02,9.01",d8k.htm,dex991.htm,https://www.sec.gov/Archives/edgar/data/12927/000119312510013708/d8k.htm
2010-02-08,10-K,2009-12-31,0001193125-10-024406,,d10k.htm,dex1029.htm;dex21.htm;dex23.htm;dex31i.htm;dex31ii.htm;dex32i.htm;dex32ii.htm,https://www.sec.gov/Archives/edgar/data/12927/000119312510024406/d10k.htm
2010-03-31,8-K,2010-03-31,0001193125-10-072743,"8.01,9.01",d8k.htm,dex991.htm,https://www.sec.gov/Archives/edgar/data/12927/000119312510072743/d8k.htm
2010-04-21,10-Q,2010-03-31,0001193125-10-088623,,d10q.htm,dex15.htm;dex311.htm;dex312.htm;dex321.htm;dex322.htm,https://www.sec.gov/Archives/edgar/data/12927/000119312510088623/d10q.htm
2010-04-21,8-K,2010-04-21,0001193125-10-088355,"2.02,9.01",d8k.htm,dex991.htm,https://www.sec.gov/Archives/edgar/data/12927/000119312510088355/d8k.htm
2010-07-28,10-Q,2010-06-30,0001193125-10-168724,,d10q.htm,dex12.htm;dex15.htm;dex31i.htm;dex31ii.htm;dex32i.htm;dex32ii.htm,https://www.sec.gov/Archives/edgar/data/12927/000119312510168724/d10q.htm
2010-07-28,8-K,2010-07-28,0001193125-10-168093,"2.02,9.01",d8k.htm,dex991.htm,https://www.sec.gov/Archives/edgar/data/12927/000119312510168093/d8k.htm
2010-08-27,8-K,2010-08-27,0001193125-10-198766,"8.01,9.01",d8k.htm,dex991.htm,https://www.sec.gov/Archives/edgar/data/12927/000119312510198766/d8k.htm
2010-10-20,10-Q,2010-09-30,0001193125-10-232425,,d10q.htm,dex10i.htm;dex12.htm;dex15.htm;dex31i.htm;dex31ii.htm;dex32i.htm;dex32ii.htm,https://www.sec.gov/Archives/edgar/data/12927/000119312510232425/d10q.htm
2010-10-20,8-K,2010-10-20,0001193125-10-232203,"2.02,9.01",d8k.htm,dex991.htm,https://www.sec.gov/Archives/edgar/data/12927/000119312510232203/d8k.htm
2010-11-16,8-K,2010-11-12,0001193125-10-262146,"1.01,2.03,9.01",d8k.htm,dex101.htm,https://www.sec.gov/Archives/edgar/data/12927/000119312510262146/d8k.htm
2011-01-26,8-K,2011-01-26,0001193125-11-014362,"2.02,9.01",d8k.htm,dex991.htm,https://www.sec.gov/Archives/edgar/data/12927/000119312511014362/d8k.htm
2011-02-09,10-K,2010-12-31,0001193125-11-028490,,d10k.htm,dex10xviib.htm;dex10xviic.htm;dex10xviid.htm;dex12.htm;dex21.htm;dex23.htm;dex31i.htm;dex31ii.htm;dex32i.htm;dex32ii.htm,https://www.sec.gov/Archives/edgar/data/12927/000119312511028490/d10k.htm
2011-04-27,10-Q,2011-03-31,0001193125-11-111215,,d10q.htm,dex10.htm;dex12.htm;dex15.htm;dex311.htm;dex312.htm;dex321.htm;dex322.htm,https://www.sec.gov/Archives/edgar/data/12927/000119312511111215/d10q.htm
2011-04-27,8-K,2011-04-27,0001193125-11-110686,"2.02,9.01",d8k.htm,dex991.htm,https://www.sec.gov/Archives/edgar/data/12927/000119312511110686/d8k.htm
2011-07-27,10-Q,2011-06-30,0001193125-11-198584,,d10q.htm,dex12.htm;dex15.htm;dex31i.htm;dex31ii.htm;dex32i.htm;dex32ii.htm,https://www.sec.gov/Archives/edgar/data/12927/000119312511198584/d10q.htm
2011-07-27,8-K,2011-07-27,0001193125-11-198004,"2.02,9.01",d8k.htm,dex991.htm,https://www.sec.gov/Archives/edgar/data/12927/000119312511198004/d8k.htm
2011-10-26,10-Q,2011-09-30,0001193125-11-281613,,d228887d10q.htm,d228887dex12.htm;d228887dex15.htm;d228887dex31i.htm;d228887dex31ii.htm;d228887dex32i.htm;d228887dex32ii.htm,https://www.sec.gov/Archives/edgar/data/12927/000119312511281613/d228887d10q.htm
2011-10-26,8-K,2011-10-26,0001193125-11-281198,"2.02,9.01",d245728d8k.htm,d245728dex991.htm,https://www.sec.gov/Archives/edgar/data/12927/000119312511281198/d245728d8k.htm
2011-11-14,8-K,2011-11-10,0001193125-11-311426,"1.01,2.03,9.01",d255697d8k.htm,d255697dex101.htm;d255697dex102.htm,https://www.sec.gov/Archives/edgar/data/12927/000119312511311426/d255697d8k.htm
2012-01-25,8-K,2012-01-25,0001193125-12-022591,"2.02,9.01",d286838d8k.htm,d286838dex991.htm,https://www.sec.gov/Archives/edgar/data/12927/000119312512022591/d286838d8k.htm
2012-02-09,10-K,2011-12-31,0001193125-12-048565,,d255574d10k.htm,d255574dex12.htm;d255574dex21.htm;d255574dex23.htm;d255574dex311.htm;d255574dex312.htm;d255574dex321.htm;d255574dex322.htm,https://www.sec.gov/Archives/edgar/data/12927/000119312512048565/d255574d10k.htm
2012-04-25,10-Q,2012-03-31,0001193125-12-181463,,d304990d10q.htm,d304990dex12.htm;d304990dex15.htm;d304990dex311.htm;d304990dex312.htm;d304990dex321.htm;d304990dex322.htm,https://www.sec.gov/Archives/edgar/data/12927/000119312512181463/d304990d10q.htm
2012-04-25,8-K,2012-04-25,0001193125-12-180335,"2.02,9.01",d337742d8k.htm,d337742dex991.htm,https://www.sec.gov/Archives/edgar/data/12927/000119312512180335/d337742d8k.htm
2012-07-25,10-Q,2012-06-30,0000012927-12-000012,,a0630201210-q.htm,a06302012-exhibit12.htm;a06302012-exhibit15.htm;a06302012-exhibit311.htm;a06302012-exhibit312.htm;a06302012-exhibit321.htm;a06302012-exhibit322.htm,https://www.sec.gov/Archives/edgar/data/12927/000001292712000012/a0630201210-q.htm
2012-07-25,8-K,2012-07-25,0001193125-12-313392,"2.02,9.01",d382723d8k.htm,d382723dex991.htm,https://www.sec.gov/Archives/edgar/data/12927/000119312512313392/d382723d8k.htm
2012-10-17,8-K,2012-10-15,0000012927-12-000019,"1.01,2.03",a201210oct15extension.htm,,https://www.sec.gov/Archives/edgar/data/12927/000001292712000019/a201210oct15extension.htm
2012-10-24,10-Q,2012-09-30,0000012927-12-000024,,a0930201210-q.htm,a09302012-exhibit10.htm;a09302012-exhibit12.htm;a09302012-exhibit15.htm;a09302012-exhibit311.htm;a09302012-exhibit312.htm;a09302012-exhibit321.htm;a09302012-exhibit322.htm,https://www.sec.gov/Archives/edgar/data/12927/000001292712000024/a0930201210-q.htm
2012-10-24,8-K,2012-10-24,0001193125-12-432346,"2.02,9.01",d426161d8k.htm,d426161dex991.htm,https://www.sec.gov/Archives/edgar/data/12927/000119312512432346/d426161d8k.htm
2012-12-17,8-K,2012-12-17,0000012927-12-000026,"8.01,9.01",q42012quarterlydividendsha.htm,ex991q42012quarterlydivide.htm,https://www.sec.gov/Archives/edgar/data/12927/000001292712000026/q42012quarterlydividendsha.htm
2013-01-11,8-K,2013-01-11,0000012927-13-000002,"8.01,9.01",a8k787january2013.htm,exhibit99787january2013.htm,https://www.sec.gov/Archives/edgar/data/12927/000001292713000002/a8k787january2013.htm
2013-01-17,8-K,2013-01-16,0000012927-13-000004,"8.01,9.01",a8-k_bcaxjanx17x2013.htm,a991_bcaxjan17x2013.htm,https://www.sec.gov/Archives/edgar/data/12927/000001292713000004/a8-k_bcaxjanx17x2013.htm
2013-01-23,8-K,2013-01-23,0000012927-13-000006,"8.01,9.01",a201301jan23bcc8k.htm,ba991bccjan232013.htm,https://www.sec.gov/Archives/edgar/data/12927/000001292713000006/a201301jan23bcc8k.htm
2013-01-30,8-K,2013-01-30,0001193125-13-029057,"2.02,9.01",d473129d8k.htm,d473129dex991.htm,https://www.sec.gov/Archives/edgar/data/12927/000119312513029057/d473129d8k.htm
2013-02-11,10-K,2012-12-31,0000012927-13-000014,,a201212dec3110k.htm,a201212dec3110kexhibit12.htm;a201212dec3110kexhibit21.htm;a201212dec3110kexhibit23.htm;a201212dec3110kexhibit311.htm;a201212dec3110kexhibit312.htm;a201212dec3110kexhibit321.htm;a201212dec3110kexhibit322.htm,https://www.sec.gov/Archives/edgar/data/12927/000001292713000014/a201212dec3110k.htm
2013-04-24,10-Q,2013-03-31,0000012927-13-000023,,a201303mar3110q.htm,a2013march3110qexhibit12.htm;a2013march3110qexhibit15.htm;form10-q03312013xexhibit311.htm;form10-q03312013xexhibit312.htm;form10-q03312013xexhibit321.htm;form10-q03312013xexhibit322.htm,https://www.sec.gov/Archives/edgar/data/12927/000001292713000023/a201303mar3110q.htm
2013-04-24,8-K,2013-04-23,0000950123-13-002570,"2.02,9.01",1Q13_8-K.htm,1Q13EarningsRelease.htm,https://www.sec.gov/Archives/edgar/data/12927/000095012313002570/1Q13_8-K.htm
2013-05-03,8-K,2013-05-03,0001193125-13-199056,"8.01,9.01",d531525d8k.htm,d531525dex11.htm;d531525dex51.htm,https://www.sec.gov/Archives/edgar/data/12927/000119312513199056/d531525d8k.htm
2013-07-24,10-Q,2013-06-30,0000012927-13-000035,,a201306jun3010q.htm,a2013june3010qexhibit12.htm;a2013june3010qexhibit15.htm;form10-q06302013xexhibit10.htm;form10-q06302013xexhibit10i.htm;form10-q06302013xexhibit311.htm;form10-q06302013xexhibit312.htm;form10-q06302013xexhibit321.htm;form10-q06302013xexhibit322.htm,https://www.sec.gov/Archives/edgar/data/12927/000001292713000035/a201306jun3010q.htm
2013-07-24,8-K,2013-07-24,0000950123-13-004896,"2.02,9.01",2Q13_8-K_HTML.htm,2Q13EarningsReleaseHTML.htm,https://www.sec.gov/Archives/edgar/data/12927/000095012313004896/2Q13_8-K_HTML.htm
2013-10-23,10-Q,2013-09-30,0000012927-13-000041,,a201309sep3010q.htm,a201309sep3010-qxexhibit12.htm;a201309sep3010-qxexhibit15.htm;a201309sep3010-qxexhibit311.htm;a201309sep3010-qxexhibit312.htm;a201309sep3010-qxexhibit321.htm;a201309sep3010-qxexhibit322.htm,https://www.sec.gov/Archives/edgar/data/12927/000001292713000041/a201309sep3010q.htm
2013-10-23,8-K,2013-10-23,0000950123-13-008052,"2.02,9.01",3Q13_8-K_HTML.htm,Exhibit991.htm,https://www.sec.gov/Archives/edgar/data/12927/000095012313008052/3Q13_8-K_HTML.htm
2013-10-31,8-K,2013-10-30,0000012927-13-000044,"1.01,2.03",creditextension.htm,,https://www.sec.gov/Archives/edgar/data/12927/000001292713000044/creditextension.htm
2013-12-16,8-K,2013-12-16,0000012927-13-000047,"8.01,9.01",a201312dec168kdocument.htm,a201312dec16exhibit991.htm,https://www.sec.gov/Archives/edgar/data/12927/000001292713000047/a201312dec168kdocument.htm
2013-12-19,8-K,2013-12-16,0000012927-13-000051,"5.02,5.03,8.01,9.01",a201312dec168-k.htm,exhibit32by-laws.htm;exhibit991.htm,https://www.sec.gov/Archives/edgar/data/12927/000001292713000051/a201312dec168-k.htm
2014-01-29,8-K,2014-01-29,0000950123-14-000750,"2.02,9.01",8K4Q.htm,EX9918K4Q.htm,https://www.sec.gov/Archives/edgar/data/12927/000095012314000750/8K4Q.htm
2014-02-14,10-K,2013-12-31,0000012927-14-000004,,a201312dec3110k.htm,a201312dec3110kexhibit10xi.htm;a201312dec3110kexhibit10xv.htm;a201312dec3110kexhibit12.htm;a201312dec3110kexhibit21.htm;a201312dec3110kexhibit23.htm;a201312dec3110kexhibit311.htm;a201312dec3110kexhibit312.htm;a201312dec3110kexhibit321.htm;a201312dec3110kexhibit322.htm,https://www.sec.gov/Archives/edgar/data/12927/000001292714000004/a201312dec3110k.htm
2014-03-11,8-K,2014-03-05,0000012927-14-000015,"5.02,8.01,9.01",a201403mar058k.htm,exhibit101serp.htm;exhibit102sbp.htm;exhibit991pressrelease3620.htm,https://www.sec.gov/Archives/edgar/data/12927/000001292714000015/a201403mar058k.htm
2014-04-23,10-Q,2014-03-31,0000012927-14-000022,,a201403mar3110q.htm,a201403mar3110-qxexhibit12.htm;a201403mar3110-qxexhibit15.htm;a201403mar3110-qxexhibit311.htm;a201403mar3110-qxexhibit312.htm;a201403mar3110-qxexhibit321.htm;a201403mar3110-qxexhibit322.htm,https://www.sec.gov/Archives/edgar/data/12927/000001292714000022/a201403mar3110q.htm
2014-04-23,8-K,2014-04-23,0000950123-14-004017,"2.02,9.01",7144888k.htm,earningsrelease.htm,https://www.sec.gov/Archives/edgar/data/12927/000095012314004017/7144888k.htm
2014-04-30,8-K,2014-04-28,0000012927-14-000027,"5.07,8.01",a201404apr288k.htm,,https://www.sec.gov/Archives/edgar/data/12927/000001292714000027/a201404apr288k.htm
2014-07-23,10-Q,2014-06-30,0000012927-14-000042,,a201406jun3010q.htm,a201406jun3010-qxexhibit12.htm;a201406jun3010-qxexhibit15.htm;a201406jun3010-qxexhibit311.htm;a201406jun3010-qxexhibit312.htm;a201406jun3010-qxexhibit321.htm;a201406jun3010-qxexhibit322.htm,https://www.sec.gov/Archives/edgar/data/12927/000001292714000042/a201406jun3010q.htm
2014-07-23,8-K,2014-07-23,0000950123-14-007318,"2.02,9.01",a201406jun308-k.htm,a201406jun308kpressrelease.htm,https://www.sec.gov/Archives/edgar/data/12927/000095012314007318/a201406jun308-k.htm
2014-10-16,8-K,2014-10-14,0000012927-14-000049,"1.01,2.03,9.01",a201410octcreditextension.htm,amendmentno1to364-daycredi.htm;amendmentno1tofive-yearcre.htm,https://www.sec.gov/Archives/edgar/data/12927/000001292714000049/a201410octcreditextension.htm
2014-10-22,10-Q,2014-09-30,0000012927-14-000057,,a201409sep3010q.htm,a201409sep3010-qxexhibit101.htm;a201409sep3010-qxexhibit102.htm;a201409sep3010-qxexhibit12.htm;a201409sep3010-qxexhibit15.htm;a201409sep3010-qxexhibit311.htm;a201409sep3010-qxexhibit312.htm;a201409sep3010-qxexhibit321.htm;a201409sep3010-qxexhibit322.htm,https://www.sec.gov/Archives/edgar/data/12927/000001292714000057/a201409sep3010q.htm
2014-10-22,8-K,2014-10-22,0000950123-14-010390,"2.02,9.01",a201409sep308-k.htm,a201409sep308kpressrelease.htm,https://www.sec.gov/Archives/edgar/data/12927/000095012314010390/a201409sep308-k.htm
2014-10-31,8-K,2014-10-31,0001193125-14-392030,"8.01,9.01",d810915d8k.htm,d810915dex11.htm;d810915dex51.htm,https://www.sec.gov/Archives/edgar/data/12927/000119312514392030/d810915d8k.htm
2014-12-15,8-K,2014-12-15,0000012927-14-000065,"8.01,9.01",a201412dec158kdocument.htm,a201412dec15exhibit991.htm,https://www.sec.gov/Archives/edgar/data/12927/000001292714000065/a201412dec158kdocument.htm
2015-01-28,8-K,2015-01-28,0000950123-15-000561,"2.02,9.01",8k.htm,ex991.htm,https://www.sec.gov/Archives/edgar/data/12927/000095012315000561/8k.htm
2015-02-12,10-K,2014-12-31,0000012927-15-000011,,a201412dec3110k.htm,a201412dec3110kexhibit12.htm;a201412dec3110kexhibit21.htm;a201412dec3110kexhibit23.htm;a201412dec3110kexhibit311.htm;a201412dec3110kexhibit312.htm;a201412dec3110kexhibit321.htm;a201412dec3110kexhibit322.htm,https://www.sec.gov/Archives/edgar/data/12927/000001292715000011/a201412dec3110k.htm
2015-02-20,8-K,2015-02-20,0001193125-15-056490,"8.01,9.01",d875335d8k.htm,d875335dex11.htm;d875335dex51.htm,https://www.sec.gov/Archives/edgar/data/12927/000119312515056490/d875335d8k.htm
2015-04-22,10-Q,2015-03-31,0000012927-15-000019,,a201503mar3110q.htm,a201503mar3110-qxexhibit15.htm;a201503mar3110-qxexhibit311.htm;a201503mar3110-qxexhibit312.htm;a201503mar3110-qxexhibit321.htm;a201503mar3110-qxexhibit322.htm;a201503mar3110qexhibit12.htm,https://www.sec.gov/Archives/edgar/data/12927/000001292715000019/a201503mar3110q.htm
2015-04-22,8-K,2015-04-22,0000950123-15-004560,"2.02,9.01",mar318-k.htm,mar318kpressrelease.htm,https://www.sec.gov/Archives/edgar/data/12927/000095012315004560/mar318-k.htm
2015-07-17,8-K,2015-07-17,0000012927-15-000050,"2.02,9.01",a201507jul178-k.htm,a201507jul17exhibit991.htm,https://www.sec.gov/Archives/edgar/data/12927/000001292715000050/a201507jul178-k.htm
2015-07-22,10-Q,2015-06-30,0000012927-15-000055,,a201506jun3010-q.htm,a201506jun3010-qexhibit15.htm;a201506jun3010-qexhibit311.htm;a201506jun3010-qexhibit312.htm;a201506jun3010-qexhibit321.htm;a201506jun3010-qexhibit322.htm;a201506jun3010-qxexhibit103.htm;a201506jun3010-qxexhibit104.htm;a201506jun3010-qxexhibit105.htm;a201506jun3010qexhibit12.htm,https://www.sec.gov/Archives/edgar/data/12927/000001292715000055/a201506jun3010-q.htm
2015-07-22,8-K,2015-07-22,0000950123-15-007564,"2.02,9.01",2015Q28k.htm,2015Q2pressrelease.htm,https://www.sec.gov/Archives/edgar/data/12927/000095012315007564/2015Q28k.htm
2015-10-21,10-Q,2015-09-30,0000012927-15-000068,,a201509sep3010-q.htm,a201509sep3010-qexhibit15.htm;a201509sep3010-qexhibit311.htm;a201509sep3010-qexhibit312.htm;a201509sep3010-qexhibit321.htm;a201509sep3010-qexhibit322.htm;a201509sep3010qexhibit12.htm,https://www.sec.gov/Archives/edgar/data/12927/000001292715000068/a201509sep3010-q.htm
2015-10-21,8-K,2015-10-21,0000950123-15-010348,"2.02,9.01",a201509sep308-k.htm,a201509sep308kpressrelease.htm,https://www.sec.gov/Archives/edgar/data/12927/000095012315010348/a201509sep308-k.htm
2015-10-29,8-K,2015-10-29,0001193125-15-358144,"8.01,9.01",d62777d8k.htm,d62777dex11.htm;d62777dex51.htm,https://www.sec.gov/Archives/edgar/data/12927/000119312515358144/d62777d8k.htm
2015-11-06,8-K,2015-11-04,0000012927-15-000076,"1.01,2.03,9.01",a201511nov8-kcreditagreem.htm,a364dayagmt.htm;a5yramendment2.htm,https://www.sec.gov/Archives/edgar/data/12927/000001292715000076/a201511nov8-kcreditagreem.htm
2015-12-15,8-K,2015-12-14,0000012927-15-000083,"5.02,5.03,8.01,9.01",a201512dec148-kdocument.htm,a201512dec14exhibit32bylaws.htm;a201512dec14exhibit991.htm;a201512dec14exhibit992.htm,https://www.sec.gov/Archives/edgar/data/12927/000001292715000083/a201512dec148-kdocument.htm
2016-01-21,8-K,2016-01-21,0000012927-16-000086,"2.02,9.01",a201601jan218-k.htm,a201601jan21exhibit991.htm,https://www.sec.gov/Archives/edgar/data/12927/000001292716000086/a201601jan218-k.htm
2016-01-27,8-K,2016-01-27,0000950123-16-013052,"2.02,9.01",a201512dec318-k.htm,a201512dec318kpressrelease.htm,https://www.sec.gov/Archives/edgar/data/12927/000095012316013052/a201512dec318-k.htm
2016-01-28,8-K,2016-01-27,0000012927-16-000094,"7.01,9.01",a201601jan278-k.htm,a201601jan27exhibit991newt.htm;a201601january27exhibit992.htm,https://www.sec.gov/Archives/edgar/data/12927/000001292716000094/a201601jan278-k.htm
2016-02-10,10-K,2015-12-31,0000012927-16-000099,,a201512dec3110k.htm,a201510kexhibit10xvi.htm;a201510kexhibit10xviiic.htm;a201510kexhibit10xviiid.htm;a201510kexhibit10xviiie.htm;a201510kexhibit10xviii_i.htm;a201512dec3110kexhibit12.htm;a201512dec3110kexhibit21.htm;a201512dec3110kexhibit23.htm;a201512dec3110kexhibit311.htm;a201512dec3110kexhibit312.htm;a201512dec3110kexhibit321.htm;a201512dec3110kexhibit322.htm,https://www.sec.gov/Archives/edgar/data/12927/000001292716000099/a201512dec3110k.htm
2016-04-27,10-Q,2016-03-31,0000012927-16-000113,,a201603mar3110-q.htm,a201603mar3110qexhibit12.htm;a201603mar3110qexhibit15.htm;a201603mar3110qexhibit311.htm;a201603mar3110qexhibit312.htm;a201603mar3110qexhibit321.htm;a201603mar3110qexhibit322.htm,https://www.sec.gov/Archives/edgar/data/12927/000001292716000113/a201603mar3110-q.htm
2016-04-27,8-K,2016-04-27,0000950123-16-016033,"2.02,9.01",8-k.htm,a201603mar318kpressrelease1.htm,https://www.sec.gov/Archives/edgar/data/12927/000095012316016033/8-k.htm
2016-05-18,8-K,2016-05-16,0001193125-16-594567,"8.01,9.01",d160841d8k.htm,d160841dex11.htm;d160841dex51.htm,https://www.sec.gov/Archives/edgar/data/12927/000119312516594567/d160841d8k.htm
2016-07-21,8-K,2016-07-21,0000012927-16-000137,"2.02,9.01",a201607jul218-k.htm,a201607jul21exhibit991.htm,https://www.sec.gov/Archives/edgar/data/12927/000001292716000137/a201607jul218-k.htm
2016-07-27,10-Q,2016-06-30,0000012927-16-000143,,a201606jun3010-q.htm,a201606jun3010qexhibit12.htm;a201606jun3010qexhibit15.htm;a201606jun3010qexhibit311.htm;a201606jun3010qexhibit312.htm;a201606jun3010qexhibit321.htm;a201606jun3010qexhibit322.htm,https://www.sec.gov/Archives/edgar/data/12927/000001292716000143/a201606jun3010-q.htm
2016-07-27,8-K,2016-07-27,0000950123-16-018547,"2.02,9.01",a201606jun308-k.htm,a201606jun308kpressrelease.htm,https://www.sec.gov/Archives/edgar/data/12927/000095012316018547/a201606jun308-k.htm
2016-10-26,10-Q,2016-09-30,0000012927-16-000153,,a201609sep3010-q.htm,a201609sep3010qexhibit10.htm;a201609sep3010qexhibit12.htm;a201609sep3010qexhibit15.htm;a201609sep3010qexhibit311.htm;a201609sep3010qexhibit312.htm;a201609sep3010qexhibit321.htm;a201609sep3010qexhibit322.htm,https://www.sec.gov/Archives/edgar/data/12927/000001292716000153/a201609sep3010-q.htm
2016-10-26,8-K,2016-10-26,0000950123-16-020852,"2.02,9.01",a201609sep308-k.htm,a201609sep308kpressrelease.htm,https://www.sec.gov/Archives/edgar/data/12927/000095012316020852/a201609sep308-k.htm
2016-11-08,8-K,2016-11-02,0000012927-16-000159,"1.01,2.03,9.01",a201611nov28-kcreditagreem.htm,a364dayagmt.htm;a5yearamendment.htm,https://www.sec.gov/Archives/edgar/data/12927/000001292716000159/a201611nov28-kcreditagreem.htm
2016-12-12,8-K,2016-12-12,0000012927-16-000170,"8.01,9.01",a201612dec128kdocument.htm,a201612dec12exhibit991.htm,https://www.sec.gov/Archives/edgar/data/12927/000001292716000170/a201612dec128kdocument.htm
2017-01-25,8-K,2017-01-25,0000950123-17-000426,"2.02,9.01",a201612dec318-k.htm,a201612dec318kpressrelease.htm,https://www.sec.gov/Archives/edgar/data/12927/000095012317000426/a201612dec318-k.htm
2017-02-08,10-K,2016-12-31,0000012927-17-000006,,a201612dec3110k.htm,a10xi-icp_nonxcoveredemplo.htm;a10xii-aip_coveredemployees.htm;a10xix-2003incentivestockp.htm;a10xvi-sbp2016.htm;a10xviii-elbp2017.htm;a201612dec3110kexhibit12.htm;a201612dec3110kexhibit21.htm;a201612dec3110kexhibit23.htm;a201612dec3110kexhibit312.htm;a201612dec3110kexhibit321.htm;a201612dec3110kexhibit322.htm;a201612dec3110qexhibit311.htm,https://www.sec.gov/Archives/edgar/data/12927/000001292717000006/a201612dec3110k.htm
2017-02-16,8-K,2017-02-14,0001193125-17-046619,"8.01,9.01",d349747d8k.htm,d349747dex11.htm;d349747dex51.htm,https://www.sec.gov/Archives/edgar/data/12927/000119312517046619/d349747d8k.htm
2017-04-26,10-Q,2017-03-31,0000012927-17-000024,,a201703mar3110-q.htm,a201703mar3110qexhibit101.htm;a201703mar3110qexhibit102.htm;a201703mar3110qexhibit103.htm;a201703mar3110qexhibit104.htm;a201703mar3110qexhibit12.htm;a201703mar3110qexhibit15.htm;a201703mar3110qexhibit311.htm;a201703mar3110qexhibit312.htm;a201703mar3110qexhibit321.htm;a201703mar3110qexhibit322.htm,https://www.sec.gov/Archives/edgar/data/12927/000001292717000024/a201703mar3110-q.htm
2017-04-26,8-K,2017-04-26,0000950123-17-003588,"2.02,9.01",a201703mar318-k.htm,a201703mar318kpressrelease.htm,https://www.sec.gov/Archives/edgar/data/12927/000095012317003588/a201703mar318-k.htm
2017-07-26,10-Q,2017-06-30,0000012927-17-000044,,a201706jun3010-q.htm,a201706jun3010qexhibit12.htm;a201706jun3010qexhibit15.htm;a201706jun3010qexhibit311.htm;a201706jun3010qexhibit312.htm;a201706jun3010qexhibit321.htm;a201706jun3010qexhibit322.htm,https://www.sec.gov/Archives/edgar/data/12927/000001292717000044/a201706jun3010-q.htm
2017-07-26,8-K,2017-07-26,0000950123-17-006317,"2.02,9.01",a201706jun308-k.htm,a201706jun308kpressrelease.htm,https://www.sec.gov/Archives/edgar/data/12927/000095012317006317/a201706jun308-k.htm
2017-08-01,8-K,2017-08-01,0000012927-17-000054,8.01,a201708aug18-kdocument.htm,,https://www.sec.gov/Archives/edgar/data/12927/000001292717000054/a201708aug18-kdocument.htm
2017-10-25,10-Q,2017-09-30,0000012927-17-000073,,a201709sep3010-q.htm,a201709sep3010qexhibit12.htm;a201709sep3010qexhibit15.htm;a201709sep3010qexhibit311.htm;a201709sep3010qexhibit312.htm;a201709sep3010qexhibit321.htm;a201709sep3010qexhibit322.htm,https://www.sec.gov/Archives/edgar/data/12927/000001292717000073/a201709sep3010-q.htm
2017-10-25,8-K,2017-10-25,0000950123-17-009196,"2.02,9.01",a201709sep308-k.htm,a201709sep308kpressrelease.htm,https://www.sec.gov/Archives/edgar/data/12927/000095012317009196/a201709sep308-k.htm
2017-11-03,8-K,2017-11-01,0000012927-17-000080,"1.01,2.03,9.01",a201711nov18-kcreditagree.htm,a364dayagmt.htm;a5yearamendment.htm,https://www.sec.gov/Archives/edgar/data/12927/000001292717000080/a201711nov18-kcreditagree.htm
2017-12-11,8-K,2017-12-11,0000012927-17-000082,"8.01,9.01",a201712dec118kdividendrepo.htm,a201712dec11exhibit991.htm,https://www.sec.gov/Archives/edgar/data/12927/000001292717000082/a201712dec118kdividendrepo.htm
2018-01-31,8-K,2018-01-31,0000950123-18-000555,"2.02,9.01",a201712dec318-k1.htm,a201712dec318kpressrelease.htm,https://www.sec.gov/Archives/edgar/data/12927/000095012318000555/a201712dec318-k1.htm
2018-02-12,10-K,2017-12-31,0000012927-18-000007,,a201712dec3110k.htm,a201712dec3110kexhibit12.htm;a201712dec3110kexhibit21.htm;a201712dec3110kexhibit23.htm;a201712dec3110kexhibit311.htm;a201712dec3110kexhibit312.htm;a201712dec3110kexhibit321.htm;a201712dec3110kexhibit322.htm,https://www.sec.gov/Archives/edgar/data/12927/000001292718000007/a201712dec3110k.htm
2018-02-23,8-K,2018-02-21,0001193125-18-056076,"8.01,9.01",d630486d8k.htm,d630486dex11.htm;d630486dex51.htm,https://www.sec.gov/Archives/edgar/data/12927/000119312518056076/d630486d8k.htm
2018-04-25,10-Q,2018-03-31,0000012927-18-000018,,a201803mar3110-q.htm,a201803mar3110qexhibit101.htm;a201803mar3110qexhibit102.htm;a201803mar3110qexhibit103.htm;a201803mar3110qexhibit104.htm;a201803mar3110qexhibit12.htm;a201803mar3110qexhibit15.htm;a201803mar3110qexhibit311.htm;a201803mar3110qexhibit312.htm;a201803mar3110qexhibit321.htm;a201803mar3110qexhibit322.htm,https://www.sec.gov/Archives/edgar/data/12927/000001292718000018/a201803mar3110-q.htm
2018-04-25,8-K,2018-04-25,0000950123-18-003776,"2.02,9.01",a201803mar318-k.htm,a201803mar318kpressrelease.htm,https://www.sec.gov/Archives/edgar/data/12927/000095012318003776/a201803mar318-k.htm
2018-05-01,8-K,2018-04-30,0001193125-18-145009,"1.01,7.01,9.01",d579120d8k.htm,d579120dex21.htm;d579120dex991.htm,https://www.sec.gov/Archives/edgar/data/12927/000119312518145009/d579120d8k.htm
2018-06-07,8-K,2018-06-07,0000012927-18-000029,"1.01,9.01",a201806jun78-kform.htm,exhibit21.htm,https://www.sec.gov/Archives/edgar/data/12927/000001292718000029/a201806jun78-kform.htm
2018-07-05,8-K,2018-07-05,0000012927-18-000041,"8.01,9.01",a20180705-kform.htm,a201806jul05pressrelease991.htm,https://www.sec.gov/Archives/edgar/data/12927/000001292718000041/a20180705-kform.htm
2018-07-13,8-K,2018-07-13,0000012927-18-000044,"8.01,9.01",a201807jul138-kdocument.htm,pressrelease991.htm,https://www.sec.gov/Archives/edgar/data/12927/000001292718000044/a201807jul138-kdocument.htm
2018-07-25,10-Q,2018-06-30,0000012927-18-000048,,a201806jun3010-q.htm,a201806jun3010qexhibit101.htm;a201806jun3010qexhibit102.htm;a201806jun3010qexhibit12.htm;a201806jun3010qexhibit15.htm;a201806jun3010qexhibit311.htm;a201806jun3010qexhibit312.htm;a201806jun3010qexhibit321.htm;a201806jun3010qexhibit322.htm,https://www.sec.gov/Archives/edgar/data/12927/000001292718000048/a201806jun3010-q.htm
2018-07-25,8-K,2018-07-25,0000950123-18-006979,"2.02,9.01",a201806jun308-k.htm,a201806jun308kpressrelease.htm,https://www.sec.gov/Archives/edgar/data/12927/000095012318006979/a201806jun308-k.htm
2018-10-24,10-Q,2018-09-30,0000012927-18-000065,,a201809sep3010-q.htm,a201809sep30101qexhibit.htm;a201809sep30102qexhibit.htm;a201809sep30103qexhibit.htm;a201809sep3010qexhibit12.htm;a201809sep3010qexhibit15.htm;a201809sep3010qexhibit311.htm;a201809sep3010qexhibit312.htm;a201809sep3010qexhibit321.htm;a201809sep3010qexhibit322.htm;a201809sep3032qexhibit.htm,https://www.sec.gov/Archives/edgar/data/12927/000001292718000065/a201809sep3010-q.htm
2018-10-24,8-K,2018-10-24,0000950123-18-010091,"2.02,9.01",a201809sep308-k.htm,a201809sep308kpressrelease.htm,https://www.sec.gov/Archives/edgar/data/12927/000095012318010091/a201809sep308-k.htm
2018-10-31,8-K,2018-10-29,0001193125-18-314068,"1.01,2.03,8.01,9.01",d638390d8k.htm,d638390dex101.htm;d638390dex102.htm;d638390dex11.htm;d638390dex51.htm,https://www.sec.gov/Archives/edgar/data/12927/000119312518314068/d638390d8k.htm
2018-12-17,8-K,2018-12-17,0000012927-18-000073,"8.01,9.01",a201812dec178kdividendrepo.htm,a201812dec17exhibit991.htm,https://www.sec.gov/Archives/edgar/data/12927/000001292718000073/a201812dec178kdividendrepo.htm
2019-01-25,8-K,2019-01-24,0001193125-19-016115,8.01,d694599d8k.htm,,https://www.sec.gov/Archives/edgar/data/12927/000119312519016115/d694599d8k.htm
2019-01-30,8-K,2019-01-30,0000950123-19-000440,"2.02,9.01",a201812dec318-k.htm,a201812dec318kpressrelease.htm,https://www.sec.gov/Archives/edgar/data/12927/000095012319000440/a201812dec318-k.htm
2019-02-08,10-K,2018-12-31,0000012927-19-000010,,a201812dec3110k.htm,a201812dec3110kexhibit21.htm;a201812dec3110kexhibit23.htm;a201812dec3110kexhibit311.htm;a201812dec3110kexhibit312.htm;a201812dec3110kexhibit321.htm;a201812dec3110kexhibit322.htm,https://www.sec.gov/Archives/edgar/data/12927/000001292719000010/a201812dec3110k.htm
2019-02-19,8-K,2019-02-13,0001193125-19-044244,"8.01,9.01",d693929d8k.htm,d693929dex11.htm;d693929dex51.htm,https://www.sec.gov/Archives/edgar/data/12927/000119312519044244/d693929d8k.htm
2019-02-26,8-K,2019-02-26,0000012927-19-000019,"8.01,9.01",a201902feb268kbod.htm,a201902feb26exhibit991.htm,https://www.sec.gov/Archives/edgar/data/12927/000001292719000019/a201902feb268kbod.htm
2019-04-05,8-K,2019-04-05,0000012927-19-000023,"8.01,9.01",a201904apr058k.htm,a201904apr05exhibit991.htm,https://www.sec.gov/Archives/edgar/data/12927/000001292719000023/a201904apr058k.htm
2019-04-24,10-Q,2019-03-31,0000012927-19-000030,,a201903mar3110-q.htm,a201903mar3110qexhibit15.htm;a201903mar3110qexhibit311.htm;a201903mar3110qexhibit312.htm;a201903mar3110qexhibit321.htm;a201903mar3110qexhibit322.htm,https://www.sec.gov/Archives/edgar/data/12927/000001292719000030/a201903mar3110-q.htm
2019-04-24,8-K,2019-04-24,0000950123-19-003561,"2.02,9.01",a201903mar318-k.htm,a201903mar318kpressrelease.htm,https://www.sec.gov/Archives/edgar/data/12927/000095012319003561/a201903mar318-k.htm
2019-04-29,8-K,2019-04-29,0001193125-19-125399,"1.01,2.03,9.01",d737605d8k.htm,d737605dex101.htm,https://www.sec.gov/Archives/edgar/data/12927/000119312519125399/d737605d8k.htm
2019-05-02,8-K,2019-04-30,0001193125-19-135121,"8.01,9.01",d739109d8k.htm,d739109dex11.htm;d739109dex51.htm,https://www.sec.gov/Archives/edgar/data/12927/000119312519135121/d739109d8k.htm
2019-06-26,8-K,2019-06-26,0000012927-19-000049,8.01,a201906jun268k.htm,,https://www.sec.gov/Archives/edgar/data/12927/000001292719000049/a201906jun268k.htm
2019-07-18,8-K,2019-07-18,0000012927-19-000053,"2.02,9.01",a201907jul188-k.htm,a201907jul18exhibit991.htm,https://www.sec.gov/Archives/edgar/data/12927/000001292719000053/a201907jul188-k.htm
2019-07-24,10-Q,2019-06-30,0000012927-19-000063,,a201906jun3010-q.htm,a201906jun3010qexhibit101.htm;a201906jun3010qexhibit15.htm;a201906jun3010qexhibit311.htm;a201906jun3010qexhibit312.htm;a201906jun3010qexhibit321.htm;a201906jun3010qexhibit322.htm,https://www.sec.gov/Archives/edgar/data/12927/000001292719000063/a201906jun3010-q.htm
2019-07-24,8-K,2019-07-24,0000950123-19-006601,"2.02,9.01",a201906jun308-k2.htm,a201906jun308kpressrelease.htm,https://www.sec.gov/Archives/edgar/data/12927/000095012319006601/a201906jun308-k2.htm
2019-07-31,8-K,2019-07-29,0001193125-19-208766,"8.01,9.01",d781148d8k.htm,d781148dex11.htm;d781148dex51.htm,https://www.sec.gov/Archives/edgar/data/12927/000119312519208766/d781148d8k.htm
2019-10-15,8-K,2019-10-11,0000012927-19-000067,"8.01,9.01",a201910oct118k.htm,exhibit991.htm,https://www.sec.gov/Archives/edgar/data/12927/000001292719000067/a201910oct118k.htm
2019-10-23,10-Q,2019-09-30,0000012927-19-000077,,a201909sep3010-q.htm,a201909sep3010qexhibit10.htm;a201909sep3010qexhibit15.htm;a201909sep3010qexhibit311.htm;a201909sep3010qexhibit312.htm;a201909sep3010qexhibit321.htm;a201909sep3010qexhibit322.htm,https://www.sec.gov/Archives/edgar/data/12927/000001292719000077/a201909sep3010-q.htm
2019-10-23,8-K,2019-10-23,0001193125-19-272082,"2.02,9.01",d821558d8k.htm,d821558dex991.htm,https://www.sec.gov/Archives/edgar/data/12927/000119312519272082/d821558d8k.htm
2019-11-01,8-K,2019-10-30,0001193125-19-282034,"1.01,2.03,9.01",d824547d8k.htm,d824547dex101.htm;d824547dex102.htm;d824547dex103.htm,https://www.sec.gov/Archives/edgar/data/12927/000119312519282034/d824547d8k.htm
2019-12-16,8-K,2019-12-16,0000012927-19-000083,"8.01,9.01",a201912dec168k.htm,exhibit991.htm,https://www.sec.gov/Archives/edgar/data/12927/000001292719000083/a201912dec168k.htm
2020-01-10,8-K,2020-01-10,0000012927-20-000003,"5.02,8.01",a202001jan108k.htm,,https://www.sec.gov/Archives/edgar/data/12927/000001292720000003/a202001jan108k.htm
2020-01-21,8-K,2020-01-21,0000012927-20-000006,"8.01,9.01",a202001jan218k.htm,exhibit991.htm,https://www.sec.gov/Archives/edgar/data/12927/000001292720000006/a202001jan218k.htm
2020-01-29,8-K,2020-01-29,0001193125-20-017662,"2.02,9.01",d856652d8k.htm,d856652dex991.htm,https://www.sec.gov/Archives/edgar/data/12927/000119312520017662/d856652d8k.htm
2020-01-31,10-K,2019-12-31,0000012927-20-000014,,a201912dec3110k.htm,a201912dec310kexhibit322.htm;a201912dec3110kexhibit106.htm;a201912dec3110kexhibit21.htm;a201912dec3110kexhibit23.htm;a201912dec3110kexhibit312.htm;a201912dec3110kexhibit321.htm;a201912dec3110kexhibit41.htm;a201912dec3110qexhibit311.htm,https://www.sec.gov/Archives/edgar/data/12927/000001292720000014/a201912dec3110k.htm
2020-02-07,8-K,2020-02-06,0001193125-20-028175,"1.01,2.03,9.01",d871160d8k.htm,d871160dex101.htm,https://www.sec.gov/Archives/edgar/data/12927/000119312520028175/d871160d8k.htm
2020-02-24,8-K,2020-02-23,0001193125-20-046678,"5.02,5.03,8.01,9.01",d893256d8k.htm,d893256dex101.htm;d893256dex102.htm;d893256dex32.htm;d893256dex991.htm,https://www.sec.gov/Archives/edgar/data/12927/000119312520046678/d893256d8k.htm
2020-03-17,8-K,2020-03-13,0000012927-20-000020,2.03,a202003mar178k.htm,,https://www.sec.gov/Archives/edgar/data/12927/000001292720000020/a202003mar178k.htm
2020-03-23,8-K,2020-03-23,0000012927-20-000033,"8.01,9.01",a202003mar238k.htm,exhibit991.htm,https://www.sec.gov/Archives/edgar/data/12927/000001292720000033/a202003mar238k.htm
2020-03-23,8-K,2020-03-20,0000012927-20-000030,"8.01,9.01",a202003mar208k.htm,exhibit991.htm,https://www.sec.gov/Archives/edgar/data/12927/000001292720000030/a202003mar208k.htm
2020-04-06,8-K,2020-04-05,0000012927-20-000037,"8.01,9.01",a202004apr058k.htm,exhibit991.htm;exhibit992.htm,https://www.sec.gov/Archives/edgar/data/12927/000001292720000037/a202004apr058k.htm
2020-04-29,10-Q,2020-03-31,0000012927-20-000045,,a202003mar3110-q.htm,a202003mar3110qexhibit101.htm;a202003mar3110qexhibit102.htm;a202003mar3110qexhibit103.htm;a202003mar3110qexhibit104.htm;a202003mar3110qexhibit105.htm;a202003mar3110qexhibit106.htm;a202003mar3110qexhibit107.htm;a202003mar3110qexhibit108.htm;a202003mar3110qexhibit15.htm;a202003mar3110qexhibit311.htm;a202003mar3110qexhibit312.htm;a202003mar3110qexhibit321.htm;a202003mar3110qexhibit322.htm,https://www.sec.gov/Archives/edgar/data/12927/000001292720000045/a202003mar3110-q.htm
2020-04-29,8-K,2020-04-29,0001193125-20-124475,"2.02,9.01",d924726d8k.htm,d924726dex991.htm,https://www.sec.gov/Archives/edgar/data/12927/000119312520124475/d924726d8k.htm
2020-05-04,8-K,2020-04-30,0001193125-20-132533,"1.01,2.03,9.01",d911707d8k.htm,d911707dex11.htm;d911707dex48.htm;d911707dex51.htm,https://www.sec.gov/Archives/edgar/data/12927/000119312520132533/d911707d8k.htm
2020-07-29,10-Q,2020-06-30,0000012927-20-000065,,a202006jun3010-q.htm,a202006jun3010qexhibit101.htm;a202006jun3010qexhibit102.htm;a202006jun3010qexhibit15.htm;a202006jun3010qexhibit311.htm;a202006jun3010qexhibit312.htm;a202006jun3010qexhibit321.htm;a202006jun3010qexhibit322.htm,https://www.sec.gov/Archives/edgar/data/12927/000001292720000065/a202006jun3010-q.htm
2020-07-29,8-K,2020-07-29,0001193125-20-201808,"2.02,9.01",d65859d8k.htm,d65859dex991.htm,https://www.sec.gov/Archives/edgar/data/12927/000119312520201808/d65859d8k.htm
2020-10-26,8-K,2020-10-26,0000012927-20-000071,"1.01,2.03,9.01",ba-20201026.htm,a202010oct268kex101.htm,https://www.sec.gov/Archives/edgar/data/12927/000001292720000071/ba-20201026.htm
2020-10-28,10-Q,2020-09-30,0000012927-20-000076,,ba-20200930.htm,a202009sep3010qex15.htm;a202009sep3010qex311.htm;a202009sep3010qex312.htm;a202009sep3010qex321.htm;a202009sep3010qex322.htm,https://www.sec.gov/Archives/edgar/data/12927/000001292720000076/ba-20200930.htm
2020-10-28,8-K,2020-10-28,0001193125-20-279185,"2.02,9.01",d80986d8k.htm,d80986dex991.htm,https://www.sec.gov/Archives/edgar/data/12927/000119312520279185/d80986d8k.htm
2020-11-02,8-K,2020-10-29,0001193125-20-284086,"1.01,2.03,9.01",d56458d8k.htm,d56458dex11.htm;d56458dex45.htm;d56458dex51.htm,https://www.sec.gov/Archives/edgar/data/12927/000119312520284086/d56458d8k.htm
2020-11-10,8-K,2020-11-10,0000012927-20-000078,8.01,ba-20201110.htm,,https://www.sec.gov/Archives/edgar/data/12927/000001292720000078/ba-20201110.htm
2021-01-07,8-K,2021-01-06,0000012927-21-000003,"1.01,8.01,9.01",ba-20210106.htm,a202001jan078kexhibit101.htm;a202001jan078kexhibit991.htm,https://www.sec.gov/Archives/edgar/data/12927/000001292721000003/ba-20210106.htm
2021-01-27,8-K,2021-01-27,0001193125-21-018429,"2.02,9.01",d117509d8k.htm,d117509dex991.htm,https://www.sec.gov/Archives/edgar/data/12927/000119312521018429/d117509d8k.htm
2021-02-01,10-K,2020-12-31,0000012927-21-000011,,ba-20201231.htm,a202012dec3110kex21.htm;a202012dec3110kex23.htm;a202012dec3110kex311.htm;a202012dec3110kex312.htm;a202012dec3110kex321.htm;a202012dec3110kex322.htm,https://www.sec.gov/Archives/edgar/data/12927/000001292721000011/ba-20201231.htm
2021-02-04,8-K,2021-02-02,0001193125-21-028946,"1.01,2.03,9.01",d33530d8k.htm,d33530dex11.htm;d33530dex44.htm;d33530dex51.htm,https://www.sec.gov/Archives/edgar/data/12927/000119312521028946/d33530d8k.htm
2021-02-17,8-K,2021-02-17,0000012927-21-000020,"8.01,9.01",ba-20210217.htm,a202102feb178kexhibit991.htm,https://www.sec.gov/Archives/edgar/data/12927/000001292721000020/ba-20210217.htm
2021-03-22,8-K,2021-03-19,0001193125-21-089532,"1.01,2.03,9.01",d149318d8k.htm,d149318dex101.htm,https://www.sec.gov/Archives/edgar/data/12927/000119312521089532/d149318d8k.htm
2021-04-20,8-K,2021-04-20,0000012927-21-000029,"5.02,5.03,5.07,8.01,9.01",ba-20210420.htm,a202104apr208kexhibit32.htm;a202104apr208kexhibit991.htm,https://www.sec.gov/Archives/edgar/data/12927/000001292721000029/ba-20210420.htm
2021-04-28,10-Q,2021-03-31,0000012927-21-000040,,ba-20210331.htm,a202103mar3110qex101.htm;a202103mar3110qex102.htm;a202103mar3110qex103.htm;a202103mar3110qex104.htm;a202103mar3110qex105.htm;a202103mar3110qex106.htm;a202103mar3110qex15.htm;a202103mar3110qex311.htm;a202103mar3110qex312.htm;a202103mar3110qex321.htm;a202103mar3110qex322.htm,https://www.sec.gov/Archives/edgar/data/12927/000001292721000040/ba-20210331.htm
2021-04-28,8-K,2021-04-28,0000012927-21-000035,"2.02,9.01",ba-20210428.htm,a202103mar318kprex991.htm,https://www.sec.gov/Archives/edgar/data/12927/000001292721000035/ba-20210428.htm
2021-07-13,8-K,2021-07-13,0000012927-21-000059,"8.01,9.01",ba-20210713.htm,a202107jul1320218kex991.htm,https://www.sec.gov/Archives/edgar/data/12927/000001292721000059/ba-20210713.htm
2021-07-28,10-Q,2021-06-30,0000012927-21-000073,,ba-20210630.htm,a202106jun3010qex15.htm;a202106jun3010qex311.htm;a202106jun3010qex312.htm;a202106jun3010qex321.htm;a202106jun3010qex322.htm,https://www.sec.gov/Archives/edgar/data/12927/000001292721000073/ba-20210630.htm
2021-07-28,8-K,2021-07-28,0000012927-21-000068,"2.02,9.01",ba-20210728.htm,a202106jun308kprex991.htm,https://www.sec.gov/Archives/edgar/data/12927/000001292721000068/ba-20210728.htm
2021-10-27,10-Q,2021-09-30,0000012927-21-000094,,ba-20210930.htm,a202109sep3010qex15.htm;a202109sep3010qex311.htm;a202109sep3010qex312.htm;a202109sep3010qex321.htm;a202109sep3010qex322.htm,https://www.sec.gov/Archives/edgar/data/12927/000001292721000094/ba-20210930.htm
2021-10-27,8-K,2021-10-25,0000012927-21-000090,"1.01,2.03,9.01",ba-20211025.htm,a202110oct258kex101.htm,https://www.sec.gov/Archives/edgar/data/12927/000001292721000090/ba-20211025.htm
2021-10-27,8-K,2021-10-27,0000012927-21-000087,"2.02,9.01",ba-20211027.htm,a202109sep308kprex991.htm,https://www.sec.gov/Archives/edgar/data/12927/000001292721000087/ba-20211027.htm
2022-01-26,8-K,2022-01-26,0000012927-22-000005,"2.02,9.01",ba-20220126.htm,a202112dec318kprex991.htm,https://www.sec.gov/Archives/edgar/data/12927/000001292722000005/ba-20220126.htm
2022-01-31,10-K,2021-12-31,0000012927-22-000010,,ba-20211231.htm,a202112dec3110kex1014.htm;a202112dec3110kex1016.htm;a202112dec3110kex21.htm;a202112dec3110kex23.htm;a202112dec3110kex311.htm;a202112dec3110kex312.htm;a202112dec3110kex321.htm;a202112dec3110kex322.htm,https://www.sec.gov/Archives/edgar/data/12927/000001292722000010/ba-20211231.htm
2022-04-27,10-Q,2022-03-31,0000012927-22-000022,,ba-20220331.htm,a202203mar3110-qex101.htm;a202203mar3110-qex102.htm;a202203mar3110-qex103.htm;a202203mar3110-qex104.htm;a202203mar3110-qex105.htm;a202203mar3110-qex106.htm;a202203mar3110qex15.htm;a202203mar3110qex311.htm;a202203mar3110qex312.htm;a202203mar3110qex321.htm;a202203mar3110qex322.htm,https://www.sec.gov/Archives/edgar/data/12927/000001292722000022/ba-20220331.htm
2022-04-27,8-K,2022-04-27,0000012927-22-000019,"2.02,9.01",ba-20220427.htm,a202203mar318kprex991.htm,https://www.sec.gov/Archives/edgar/data/12927/000001292722000019/ba-20220427.htm
2022-07-27,10-Q,2022-06-30,0000012927-22-000058,,ba-20220630.htm,a202206jun3010qex15.htm;a202206jun3010qex311.htm;a202206jun3010qex312.htm;a202206jun3010qex32.htm;a202206jun3010qex321.htm;a202206jun3010qex322.htm,https://www.sec.gov/Archives/edgar/data/12927/000001292722000058/ba-20220630.htm
2022-07-27,8-K,2022-07-27,0000012927-22-000052,"2.02,9.01",ba-20220727.htm,a202206jun308kprex991.htm,https://www.sec.gov/Archives/edgar/data/12927/000001292722000052/ba-20220727.htm
2022-08-29,8-K,2022-08-25,0001193125-22-232897,"1.01,2.03,9.01",d396135d8k.htm,d396135dex101.htm;d396135dex102.htm;d396135dex103.htm,https://www.sec.gov/Archives/edgar/data/12927/000119312522232897/d396135d8k.htm
2022-10-26,10-Q,2022-09-30,0000012927-22-000073,,ba-20220930.htm,a202209sep3010qex15.htm;a202209sep3010qex311.htm;a202209sep3010qex312.htm;a202209sep3010qex321.htm;a202209sep3010qex322.htm,https://www.sec.gov/Archives/edgar/data/12927/000001292722000073/ba-20220930.htm
2022-10-26,8-K,2022-10-26,0000012927-22-000070,"2.02,9.01",ba-20221026.htm,a202209sep308kprex991.htm,https://www.sec.gov/Archives/edgar/data/12927/000001292722000070/ba-20221026.htm
2022-12-12,8-K,2022-12-12,0000012927-22-000080,8.01,ba-20221212.htm,,https://www.sec.gov/Archives/edgar/data/12927/000001292722000080/ba-20221212.htm
2023-01-25,8-K,2023-01-25,0000012927-23-000003,"2.02,9.01",ba-20230125.htm,a202212dec318kprex991.htm,https://www.sec.gov/Archives/edgar/data/12927/000001292723000003/ba-20230125.htm
2023-01-27,10-K,2022-12-31,0000012927-23-000007,,ba-20221231.htm,a202212dec3110kex1013.htm;a202212dec3110kex21.htm;a202212dec3110kex23.htm;a202212dec3110kex311.htm;a202212dec3110kex312.htm;a202212dec3110kex321.htm;a202212dec3110kex322.htm,https://www.sec.gov/Archives/edgar/data/12927/000001292723000007/ba-20221231.htm
2023-04-26,10-Q,2023-03-31,0000012927-23-000029,,ba-20230331.htm,a202303mar3110-qex101.htm;a202303mar3110-qex102.htm;a202303mar3110-qex103.htm;a202303mar3110-qex104.htm;a202303mar3110-qex105.htm;a202303mar3110-qex106.htm;a202303mar3110-qex107.htm;a202303mar3110-qex109.htm;a202303mar3110kex311.htm;a202303mar3110kex312.htm;a202303mar3110kex321.htm;a202303mar3110kex322.htm;a202303mar3110qex15.htm,https://www.sec.gov/Archives/edgar/data/12927/000001292723000029/ba-20230331.htm
2023-04-26,8-K,2023-04-26,0000012927-23-000026,"2.02,9.01",ba-20230426.htm,a202303mar318kprex991.htm,https://www.sec.gov/Archives/edgar/data/12927/000001292723000026/ba-20230426.htm
2023-07-26,10-Q,2023-06-30,0000012927-23-000048,,ba-20230630.htm,a202306jun3010qex15.htm;a202306jun3010qex311.htm;a202306jun3010qex312.htm;a202306jun3010qex321.htm;a202306jun3010qex322.htm,https://www.sec.gov/Archives/edgar/data/12927/000001292723000048/ba-20230630.htm
2023-07-26,8-K,2023-07-26,0000012927-23-000045,"2.02,9.01",ba-20230726.htm,a202306jun308kprex991.htm,https://www.sec.gov/Archives/edgar/data/12927/000001292723000045/ba-20230726.htm
2023-08-24,8-K,2023-08-24,0000012927-23-000051,"1.01,2.03,9.01",ba-20230824.htm,a202308aug24ex101.htm;a202308aug24ex102.htm,https://www.sec.gov/Archives/edgar/data/12927/000001292723000051/ba-20230824.htm
2023-10-25,10-Q,2023-09-30,0000012927-23-000062,,ba-20230930.htm,a202309sep3010qex15.htm;a202309sep3010qex311.htm;a202309sep3010qex312.htm;a202309sep3010qex321.htm;a202309sep3010qex322.htm,https://www.sec.gov/Archives/edgar/data/12927/000001292723000062/ba-20230930.htm
2023-10-25,8-K,2023-10-25,0000012927-23-000059,"2.02,9.01",ba-20231025.htm,a202309sep308kprex991.htm,https://www.sec.gov/Archives/edgar/data/12927/000001292723000059/ba-20231025.htm
2024-01-31,10-K,2023-12-31,0000012927-24-000010,,ba-20231231.htm,a202312dec3110kex1013.htm;a202312dec3110kex21.htm;a202312dec3110kex23.htm;a202312dec3110kex311.htm;a202312dec3110kex312.htm;a202312dec3110kex321.htm;a202312dec3110kex322.htm;a202312dec3110kex97.htm,https://www.sec.gov/Archives/edgar/data/12927/000001292724000010/ba-20231231.htm
2024-01-31,8-K,2024-01-31,0000012927-24-000007,"2.02,9.01",ba-20240131.htm,a202312dec318kprex991.htm,https://www.sec.gov/Archives/edgar/data/12927/000001292724000007/ba-20240131.htm
2024-03-25,8-K,2024-03-24,0000012927-24-000014,"5.02,7.01,9.01",ba-20240324.htm,a202403mar248kex991.htm,https://www.sec.gov/Archives/edgar/data/12927/000001292724000014/ba-20240324.htm
2024-04-24,10-Q,2024-03-31,0000012927-24-000025,,ba-20240331.htm,a202403mar3110kex311.htm;a202403mar3110kex312.htm;a202403mar3110kex321.htm;a202403mar3110kex322.htm;a202403mar3110qex101.htm;a202403mar3110qex102.htm;a202403mar3110qex103.htm;a202403mar3110qex104.htm;a202403mar3110qex105.htm;a202403mar3110qex106.htm;a202403mar3110qex15.htm,https://www.sec.gov/Archives/edgar/data/12927/000001292724000025/ba-20240331.htm
2024-04-24,8-K,2024-04-24,0000012927-24-000022,"2.02,9.01",ba-20240424.htm,a202403mar318kprex991.htm,https://www.sec.gov/Archives/edgar/data/12927/000001292724000022/ba-20240424.htm
2024-05-03,8-K,2024-04-29,0001193125-24-130860,"1.01,2.03,8.01,9.01",d836110d8k.htm,d836110dex11.htm;d836110dex41.htm;d836110dex48.htm;d836110dex991.htm,https://www.sec.gov/Archives/edgar/data/12927/000119312524130860/d836110d8k.htm
2024-05-17,8-K,2024-05-15,0000012927-24-000037,"1.01,2.03,9.01",ba-20240515.htm,a202405may15ex101.htm,https://www.sec.gov/Archives/edgar/data/12927/000001292724000037/ba-20240515.htm
2024-07-01,8-K,2024-06-30,0001193125-24-172676,"1.01,7.01,9.01",d838733d8k.htm,d838733dex21.htm;d838733dex991.htm;d838733dex992.htm,https://www.sec.gov/Archives/edgar/data/12927/000119312524172676/d838733d8k.htm
2024-07-31,8-K,2024-07-30,0000012927-24-000058,"5.02,7.01,9.01",ba-20240730.htm,a202407jul318kex101.htm;a202407jul318kex102.htm;a202407jul318kex103.htm;a202407jul318kex991.htm,https://www.sec.gov/Archives/edgar/data/12927/000001292724000058/ba-20240730.htm
2024-07-31,10-Q,2024-06-30,0000012927-24-000055,,ba-20240630.htm,a202406jun3010kex311.htm;a202406jun3010kex312.htm;a202406jun3010kex321.htm;a202406jun3010kex322.htm;a202406jun3010qex15.htm,https://www.sec.gov/Archives/edgar/data/12927/000001292724000055/ba-20240630.htm
2024-07-31,8-K,2024-07-31,0000012927-24-000051,"2.02,9.01",ba-20240731.htm,a202406jun308kprex991.htm,https://www.sec.gov/Archives/edgar/data/12927/000001292724000051/ba-20240731.htm
2024-09-13,8-K,2024-09-12,0001193125-24-218951,8.01,d721102d8k.htm,,https://www.sec.gov/Archives/edgar/data/12927/000119312524218951/d721102d8k.htm
2024-10-11,8-K,2024-10-11,0000012927-24-000067,"2.02,9.01",ba-20241011.htm,a202410oct118kexhibit991.htm,https://www.sec.gov/Archives/edgar/data/12927/000001292724000067/ba-20241011.htm
2024-10-15,8-K,2024-10-14,0000012927-24-000068,"1.01,2.03,9.01",ba-20241014.htm,a202410oct148k-ex101.htm,https://www.sec.gov/Archives/edgar/data/12927/000001292724000068/ba-20241014.htm
2024-10-23,10-Q,2024-09-30,0000012927-24-000082,,ba-20240930.htm,a202409sep3010kex311.htm;a202409sep3010kex312.htm;a202409sep3010kex321.htm;a202409sep3010kex322.htm;a202409sep3010qex104.htm;a202409sep3010qex15.htm,https://www.sec.gov/Archives/edgar/data/12927/000001292724000082/ba-20240930.htm
2024-10-23,8-K,2024-10-23,0000012927-24-000079,"2.02,9.01",ba-20241023.htm,a202409sep308kprex991.htm,https://www.sec.gov/Archives/edgar/data/12927/000001292724000079/ba-20241023.htm
2024-10-30,8-K,2024-10-28,0001193125-24-247611,"1.01,7.01,8.01,9.01",d709270d8k.htm,d709270dex11.htm;d709270dex51.htm;d709270dex991.htm;d709270dex992.htm,https://www.sec.gov/Archives/edgar/data/12927/000119312524247611/d709270d8k.htm
2024-10-31,8-K,2024-10-28,0001193125-24-248743,"1.01,3.03,5.03,9.01",d750441d8k.htm,d750441dex11.htm;d750441dex31.htm;d750441dex42.htm;d750441dex51.htm,https://www.sec.gov/Archives/edgar/data/12927/000119312524248743/d750441d8k.htm
2024-11-18,8-K,2024-11-14,0000012927-24-000084,"5.02,7.01,9.01",ba-20241114.htm,a202411nov148kex991.htm,https://www.sec.gov/Archives/edgar/data/12927/000001292724000084/ba-20241114.htm
2025-01-28,8-K,2025-01-28,0000012927-25-000010,"2.02,9.01",ba-20250128.htm,a202412dec318kprex991.htm,https://www.sec.gov/Archives/edgar/data/12927/000001292725000010/ba-20250128.htm
2025-02-03,10-K,2024-12-31,0000012927-25-000015,,ba-20241231.htm,a202412dec3110kex1012.htm;a202412dec3110kex1013.htm;a202412dec3110kex1014.htm;a202412dec3110kex1015.htm;a202412dec3110kex1044.htm;a202412dec3110kex109.htm;a202412dec3110kex19.htm;a202412dec3110kex21.htm;a202412dec3110kex23.htm;a202412dec3110kex311.htm;a202412dec3110kex312.htm;a202412dec3110kex321.htm;a202412dec3110kex322.htm;a202412dec3110kex41.htm,https://www.sec.gov/Archives/edgar/data/12927/000001292725000015/ba-20241231.htm
2025-04-23,10-Q,2025-03-31,0000012927-25-000031,,ba-20250331.htm,a202403mar3110qex312.htm;a202503mar3110qex101.htm;a202503mar3110qex102.htm;a202503mar3110qex103.htm;a202503mar3110qex104.htm;a202503mar3110qex105.htm;a202503mar3110qex15.htm;a202503mar3110qex311.htm;a202503mar3110qex321.htm;a202503mar3110qex322.htm,https://www.sec.gov/Archives/edgar/data/12927/000001292725000031/ba-20250331.htm
2025-04-23,8-K,2025-04-23,0000012927-25-000027,"2.02,9.01",ba-20250423.htm,a202503mar318kprex991.htm,https://www.sec.gov/Archives/edgar/data/12927/000001292725000027/ba-20250423.htm
2025-04-24,8-K,2025-04-22,0001193125-25-093515,"1.01,7.01,9.01",d938289d8k.htm,d938289dex21.htm;d938289dex991.htm,https://www.sec.gov/Archives/edgar/data/12927/000119312525093515/d938289d8k.htm
2025-06-04,8-K,2025-05-29,0000012927-25-000041,"1.01,9.01",ba-20250529.htm,a20255may298kex101.htm,https://www.sec.gov/Archives/edgar/data/12927/000001292725000041/ba-20250529.htm
2025-07-03,8-K,2025-06-27,0000012927-25-000050,"5.02,7.01,9.01",ba-20250627.htm,a202506jun278kex101.htm;a202506jun278kex103.htm;a202506jun278kex991.htm,https://www.sec.gov/Archives/edgar/data/12927/000001292725000050/ba-20250627.htm
2025-07-29,10-Q,2025-06-30,0000012927-25-000062,,ba-20250630.htm,a202506jun3010qex105.htm;a202506jun3010qex15.htm;a202506jun3010qex311.htm;a202506jun3010qex312.htm;a202506jun3010qex321.htm;a202506jun3010qex322.htm,https://www.sec.gov/Archives/edgar/data/12927/000001292725000062/ba-20250630.htm
2025-07-29,8-K,2025-07-29,0000012927-25-000058,"2.02,9.01",ba-20250729.htm,a202506jun308kprex991.htm,https://www.sec.gov/Archives/edgar/data/12927/000001292725000058/ba-20250729.htm
2025-08-28,8-K,2025-08-25,0000012927-25-000064,"1.01,2.03,9.01",ba-20250825.htm,a202508aug258kex101.htm,https://www.sec.gov/Archives/edgar/data/12927/000001292725000064/ba-20250825.htm
2025-10-29,10-Q,2025-09-30,0001628280-25-047023,,ba-20250930.htm,a202509sep3010qex15.htm;a202509sep3010qex311.htm;a202509sep3010qex312.htm;a202509sep3010qex321.htm;a202509sep3010qex322.htm,https://www.sec.gov/Archives/edgar/data/12927/000162828025047023/ba-20250930.htm
2025-10-29,8-K,2025-10-29,0001628280-25-046915,"2.02,9.01",ba-20251029.htm,a202509sep308kprex991.htm,https://www.sec.gov/Archives/edgar/data/12927/000162828025046915/ba-20251029.htm
2025-12-03,8-K,2025-12-01,0001628280-25-055122,"5.02,7.01,9.01",ba-20251201.htm,a202512dec018kprex991.htm,https://www.sec.gov/Archives/edgar/data/12927/000162828025055122/ba-20251201.htm
2025-12-08,8-K,2025-12-08,0001628280-25-055825,"7.01,9.01",ba-20251208.htm,a202512dec088kex991.htm,https://www.sec.gov/Archives/edgar/data/12927/000162828025055825/ba-20251208.htm
2026-01-27,8-K,2026-01-27,0001628280-26-003518,"2.02,9.01",ba-20260127.htm,a202512dec318kprex991.htm,https://www.sec.gov/Archives/edgar/data/12927/000162828026003518/ba-20260127.htm
2026-01-30,10-K,2025-12-31,0001628280-26-004357,,ba-20251231.htm,a202512dec3110kex1012.htm;a202512dec3110kex1014.htm;a202512dec3110kex1015.htm;a202512dec3110kex109.htm;a202512dec3110kex21.htm;a202512dec3110kex22.htm;a202512dec3110kex23.htm;a202512dec3110kex311.htm;a202512dec3110kex312.htm;a202512dec3110kex321.htm;a202512dec3110kex322.htm,https://www.sec.gov/Archives/edgar/data/12927/000162828026004357/ba-20251231.htm
2026-04-22,10-Q,2026-03-31,0001628280-26-026458,,ba-20260331.htm,a202603mar3110qex101.htm;a202603mar3110qex102.htm;a202603mar3110qex103.htm;a202603mar3110qex104.htm;a202603mar3110qex105.htm;a202603mar3110qex106.htm;a202603mar3110qex107.htm;a202603mar3110qex108.htm;a202603mar3110qex109.htm;a202603mar3110qex15.htm;a202603mar3110qex311.htm;a202603mar3110qex321.htm;a202603mar3110qex322.htm;a202603march3110qex312.htm,https://www.sec.gov/Archives/edgar/data/12927/000162828026026458/ba-20260331.htm
2026-04-22,8-K,2026-04-22,0001628280-26-026391,"2.02,9.01",ba-20260422.htm,a202603mar318kprex991.htm,https://www.sec.gov/Archives/edgar/data/12927/000162828026026391/ba-20260422.htm
2026-07-28,10-Q,2026-06-30,0001628280-26-050038,,ba-20260630.htm,a202606jun3010-qex101.htm;a202606jun3010qex102.htm;a202606jun3010qex103.htm;a202606jun3010qex15.htm;a202606jun3010qex311.htm;a202606jun3010qex312.htm;a202606jun3010qex321.htm;a202606jun3010qex322.htm,https://www.sec.gov/Archives/edgar/data/12927/000162828026050038/ba-20260630.htm
2026-07-28,8-K,2026-07-28,0001628280-26-049929,"2.02,9.01",ba-20260728.htm,a202606jun308kprex991.htm,https://www.sec.gov/Archives/edgar/data/12927/000162828026049929/ba-20260728.htm
2026-08-28,8-K,2026-08-24,0001628280-26-059427,"1.01,2.03,9.01",ba-20260824.htm,a202608aug248kex101.htm;a202608aug248kex102.htm;a202608aug248kex103.htm,https://www.sec.gov/Archives/edgar/data/12927/000162828026059427/ba-20260824.htm
